,size_decile,pre_beta_decile,n_firms,mean_lnME,mean_pre_beta,Date
0,1,1,24,8.15005353448076,0.361520567817149,1999-06-30
1,1,2,8,7.802269829153091,1.0548149266073592,1999-06-30
2,1,3,7,7.794374676093294,1.2809630419481424,1999-06-30
3,1,4,6,7.6931957987036235,1.5868744902165683,1999-06-30
4,1,5,7,7.916222244982866,1.7585174378967283,1999-06-30
5,1,6,6,8.193419636270818,1.90066930038362,1999-06-30
6,1,7,6,7.858681712193431,2.119316387105457,1999-06-30
7,1,8,7,7.473719866582693,2.3927758182228733,1999-06-30
8,1,9,6,7.194542845014694,2.718008044061739,1999-06-30
9,1,10,8,7.491982356881355,3.913847854329167,1999-06-30
10,2,1,43,9.018715675028336,0.34256948945453747,1999-06-30
11,2,2,12,9.059444298407184,0.9297353204294722,1999-06-30
12,2,3,8,9.124340879021533,1.062502196617694,1999-06-30
13,2,4,7,9.073824447991273,1.1371602031093777,1999-06-30
14,2,5,10,9.001892222471593,1.3303280029907014,1999-06-30
15,2,6,6,8.994361669473955,1.445564365974746,1999-06-30
16,2,7,8,8.887914961687652,1.5676832629159456,1999-06-30
17,2,8,7,8.990611083350789,1.667633651067602,1999-06-30
18,2,9,6,9.105782447456463,1.936648765225429,1999-06-30
19,2,10,7,8.999531297053494,2.283504626480101,1999-06-30
20,3,1,21,9.622760480047988,0.2323314994150394,1999-06-30
21,3,2,12,9.582951537530812,0.7154791262232575,1999-06-30
22,3,3,10,9.571830305005799,0.9417605159748131,1999-06-30
23,3,4,7,9.625174559939625,1.1224775664444597,1999-06-30
24,3,5,9,9.59760516916717,1.2522446389350912,1999-06-30
25,3,6,7,9.76750000297069,1.399380481726218,1999-06-30
26,3,7,8,9.66113014040415,1.5360466782180482,1999-06-30
27,3,8,7,9.61393883830596,1.6816540858636875,1999-06-30
28,3,9,7,9.62148690061765,1.8637112486086633,1999-06-30
29,3,10,13,9.549986560564836,2.3790720667127814,1999-06-30
30,4,1,27,10.073392198875464,0.3195591969839686,1999-06-30
31,4,2,12,10.057414531615121,0.7712937170965136,1999-06-30
32,4,3,8,10.141286979725377,0.9846913076837787,1999-06-30
33,4,4,6,10.14702994829641,1.1044282058433144,1999-06-30
34,4,5,7,10.194032669457924,1.1766339035605191,1999-06-30
35,4,6,6,10.122656578653238,1.2482477201374278,1999-06-30
36,4,7,6,10.039614881687895,1.4289048156548105,1999-06-30
37,4,8,8,10.0389284750012,1.5972188717108302,1999-06-30
38,4,9,6,10.151245015909103,1.7938647859248071,1999-06-30
39,4,10,9,10.088653353729908,2.5537455179418957,1999-06-30
40,5,1,23,10.476154254115725,0.33164456509072915,1999-06-30
41,5,2,7,10.509511397377855,0.8283536778961503,1999-06-30
42,5,3,7,10.481813273694499,0.8933422123645407,1999-06-30
43,5,4,9,10.480430289263955,1.0249610908703306,1999-06-30
44,5,5,9,10.49136308951089,1.2285466259433981,1999-06-30
45,5,6,6,10.431012298359237,1.3557388330597362,1999-06-30
46,5,7,7,10.428738542806254,1.4273293342822893,1999-06-30
47,5,8,7,10.443103652228476,1.53905877537499,1999-06-30
48,5,9,7,10.546046153914407,1.7767210179726507,1999-06-30
49,5,10,10,10.50101240688318,2.116875906381049,1999-06-30
50,6,1,13,10.931235938248706,0.21593413478828738,1999-06-30
51,6,2,10,10.9695258003507,0.6602964562753918,1999-06-30
52,6,3,11,10.831573832901604,0.903675153810935,1999-06-30
53,6,4,6,10.851910823804241,1.0065459530137704,1999-06-30
54,6,5,7,10.90046111778578,1.1336401256760216,1999-06-30
55,6,6,7,10.865525732158945,1.2743619343713333,1999-06-30
56,6,7,8,10.865825372181872,1.3425186464465166,1999-06-30
57,6,8,6,10.910745081321467,1.4359538603377728,1999-06-30
58,6,9,6,10.858166499711936,1.5679891631422016,1999-06-30
59,6,10,10,10.916106037212346,2.0056335598673796,1999-06-30
60,7,1,12,11.182676100894328,0.45715465491171875,1999-06-30
61,7,2,8,11.2201145013386,0.8221648103299861,1999-06-30
62,7,3,8,11.253719368149264,0.9488897311444328,1999-06-30
63,7,4,7,11.282668961410211,1.0600570801960356,1999-06-30
64,7,5,6,11.180955391829201,1.1676995078952952,1999-06-30
65,7,6,6,11.315097917238726,1.2358315298051619,1999-06-30
66,7,7,6,11.262529069322227,1.3382868364018832,1999-06-30
67,7,8,7,11.27042493923835,1.4140793753261551,1999-06-30
68,7,9,6,11.249778566583243,1.5220119897157238,1999-06-30
69,7,10,8,11.231021669562839,1.9672125649705332,1999-06-30
70,8,1,10,11.708526381335203,0.4134215230934227,1999-06-30
71,8,2,6,11.664799280933392,0.6845891538041178,1999-06-30
72,8,3,7,11.660006137931068,0.9074860607785052,1999-06-30
73,8,4,7,11.779035110356503,1.034603465987524,1999-06-30
74,8,5,6,11.810178615308454,1.1386350523336655,1999-06-30
75,8,6,6,11.768603181526432,1.1972845629774103,1999-06-30
76,8,7,6,11.664699278180878,1.2707711029974893,1999-06-30
77,8,8,6,11.776727567633337,1.40229275318638,1999-06-30
78,8,9,6,11.795678456701557,1.598483643638778,1999-06-30
79,8,10,9,11.736800699935255,1.8437107755139794,1999-06-30
80,9,1,7,12.302852422403921,0.5505356603681045,1999-06-30
81,9,2,6,12.351816547661654,0.7867222031002966,1999-06-30
82,9,3,6,12.373630328885232,0.9303185376184167,1999-06-30
83,9,4,5,12.167517317785927,1.0266378475636615,1999-06-30
84,9,5,6,12.35131057388036,1.1836110712790495,1999-06-30
85,9,6,7,12.343667443962058,1.3428207941997659,1999-06-30
86,9,7,5,12.250451420017258,1.4189508115473586,1999-06-30
87,9,8,7,12.301133638706064,1.5228572615194356,1999-06-30
88,9,9,6,12.497167641533068,1.7023290094280472,1999-06-30
89,9,10,6,12.43698744140145,2.094231908705118,1999-06-30
90,10,1,7,14.112053631134474,0.5336625002528861,1999-06-30
91,10,2,6,14.345247921419302,0.7825143512308125,1999-06-30
92,10,3,6,13.410432441181067,0.9051581674889829,1999-06-30
93,10,4,7,14.153174030281333,1.0395723447830676,1999-06-30
94,10,5,6,13.64147872554602,1.139299040692034,1999-06-30
95,10,6,7,14.027067999950848,1.2123229903203683,1999-06-30
96,10,7,6,13.773946201203119,1.3224951655212827,1999-06-30
97,10,8,6,13.59847612491734,1.4254348746075962,1999-06-30
98,10,9,6,13.707990231954602,1.517917276089059,1999-06-30
99,10,10,6,13.514563809498027,1.8228722395163006,1999-06-30
100,1,1,8,7.3960056125532345,0.38890862080414756,2000-06-30
101,1,2,6,7.599324902169054,0.7810830814752912,2000-06-30
102,1,3,6,7.754715795971337,1.0233566322916041,2000-06-30
103,1,4,6,7.675704483910743,1.210629117720218,2000-06-30
104,1,5,6,7.4084250724669465,1.3456946839913433,2000-06-30
105,1,6,6,7.8192354536510145,1.4503933394311783,2000-06-30
106,1,7,6,7.573017322850603,1.641963252940324,2000-06-30
107,1,8,6,7.469917970834782,1.781804315016872,2000-06-30
108,1,9,6,7.393510800626785,1.956497890587998,2000-06-30
109,1,10,6,7.658561019877468,2.23882839850063,2000-06-30
110,2,1,18,8.785792089775404,0.17658653802668137,2000-06-30
111,2,2,8,8.822414093316732,0.6957373862067632,2000-06-30
112,2,3,8,8.814701129138196,0.8650989475629883,2000-06-30
113,2,4,6,8.533646892198197,0.9943888241946518,2000-06-30
114,2,5,7,8.744976580323048,1.0908866285158543,2000-06-30
115,2,6,6,8.6887113402921,1.1569686497819884,2000-06-30
116,2,7,6,8.697861217323158,1.241703781530112,2000-06-30
117,2,8,7,8.88360753229768,1.4111028401291972,2000-06-30
118,2,9,6,8.665668712259096,1.6652205834617038,2000-06-30
119,2,10,8,8.537706862084129,2.4256835079218977,2000-06-30
120,3,1,22,9.367844061222222,0.16959656358425315,2000-06-30
121,3,2,8,9.357482816687154,0.6969020571287319,2000-06-30
122,3,3,8,9.340103677800105,0.8982758826217533,2000-06-30
123,3,4,7,9.406838516497936,1.0132556345085966,2000-06-30
124,3,5,7,9.299685310850679,1.1283101436045153,2000-06-30
125,3,6,6,9.25862529925642,1.2845663609131506,2000-06-30
126,3,7,7,9.368115447332984,1.41237199043294,2000-06-30
127,3,8,7,9.408430339490698,1.5812019519071758,2000-06-30
128,3,9,6,9.229579202748658,1.7458279310597336,2000-06-30
129,3,10,7,9.340680312218478,2.065000882323202,2000-06-30
130,4,1,26,9.731611630357092,0.11213036521224803,2000-06-30
131,4,2,8,9.697228191461335,0.6283282466263784,2000-06-30
132,4,3,9,9.73931000072413,0.8013793920968781,2000-06-30
133,4,4,6,9.761245245719026,0.9233316550091873,2000-06-30
134,4,5,6,9.720203497296131,1.0103655522568116,2000-06-30
135,4,6,5,9.729265736269907,1.0640729646060327,2000-06-30
136,4,7,7,9.715739007023819,1.1703966507336874,2000-06-30
137,4,8,6,9.68749270523873,1.3382529377867936,2000-06-30
138,4,9,7,9.712599402071493,1.5213033117048163,2000-06-30
139,4,10,7,9.707981885347232,1.9541439455995935,2000-06-30
140,5,1,22,10.085165228321786,0.2443278467057933,2000-06-30
141,5,2,9,10.087063734692332,0.7253686538408153,2000-06-30
142,5,3,10,10.068357740102055,0.8401302510972656,2000-06-30
143,5,4,7,10.102492716008706,0.9578348893130736,2000-06-30
144,5,5,7,10.112517015806757,1.0844398957551205,2000-06-30
145,5,6,6,10.124411605003365,1.1546311556709743,2000-06-30
146,5,7,7,10.077921342248274,1.2344061089657374,2000-06-30
147,5,8,6,10.004712815771688,1.30142272509204,2000-06-30
148,5,9,8,10.078871227320057,1.4855252445760578,2000-06-30
149,5,10,7,10.111929744637104,1.9943846902331128,2000-06-30
150,6,1,26,10.397625569780352,0.12717850108680162,2000-06-30
151,6,2,8,10.426844692874546,0.6269144269781051,2000-06-30
152,6,3,8,10.438418022397475,0.7281245858124457,2000-06-30
153,6,4,6,10.409606540424415,0.8081107733157024,2000-06-30
154,6,5,10,10.347329169600565,0.8906902446232114,2000-06-30
155,6,6,9,10.38427150093268,0.995223104125743,2000-06-30
156,6,7,6,10.471043996868222,1.122971281447444,2000-06-30
157,6,8,7,10.476897368294118,1.2138482019570858,2000-06-30
158,6,9,7,10.384733302349597,1.3664751140973834,2000-06-30
159,6,10,7,10.440943527387992,2.0671596378625487,2000-06-30
160,7,1,21,10.8438192407347,0.12031737387245728,2000-06-30
161,7,2,10,10.80241655235412,0.49892970978173834,2000-06-30
162,7,3,10,10.802310337879696,0.6884120730081024,2000-06-30
163,7,4,7,10.79410430040715,0.8903915248545671,2000-06-30
164,7,5,6,10.864909865007727,1.0634486514315047,2000-06-30
165,7,6,8,10.788060538385782,1.1841239676494855,2000-06-30
166,7,7,6,10.84727775513567,1.2686488221180012,2000-06-30
167,7,8,7,10.816455669990406,1.382470218089405,2000-06-30
168,7,9,6,10.889988992996189,1.5080336084602237,2000-06-30
169,7,10,9,10.729686059562152,1.9466621188853557,2000-06-30
170,8,1,13,11.321909379898432,0.2056885068578041,2000-06-30
171,8,2,9,11.253455546877142,0.6308866507373525,2000-06-30
172,8,3,10,11.314462338871593,0.8171179631577873,2000-06-30
173,8,4,7,11.30944365085522,0.9175363072982173,2000-06-30
174,8,5,8,11.265222034210936,0.9937938597728282,2000-06-30
175,8,6,8,11.33154936465169,1.0683491121859081,2000-06-30
176,8,7,6,11.319857111531194,1.1505053536895373,2000-06-30
177,8,8,7,11.293344452669674,1.236034519203987,2000-06-30
178,8,9,7,11.296553566372566,1.3641682882839123,2000-06-30
179,8,10,10,11.363524027173964,1.7377591517564805,2000-06-30
180,9,1,14,11.85876304739811,0.27311952203957074,2000-06-30
181,9,2,7,11.99165653895173,0.6480864514800435,2000-06-30
182,9,3,10,11.963236218998356,0.79917814746762,2000-06-30
183,9,4,6,11.822417625835818,0.9347287377687427,2000-06-30
184,9,5,7,12.008795484184912,1.027227520739699,2000-06-30
185,9,6,9,11.77917614108977,1.1459023496497396,2000-06-30
186,9,7,5,12.166762400180925,1.2635163793343351,2000-06-30
187,9,8,8,11.945750520515745,1.3784371801340376,2000-06-30
188,9,9,8,11.809731145089469,1.5811907663025853,2000-06-30
189,9,10,10,12.101760886767284,1.9374427951646407,2000-06-30
190,10,1,10,13.061307579951057,0.1436978925858177,2000-06-30
191,10,2,6,14.825761249862452,0.7418246617302859,2000-06-30
192,10,3,6,13.787934102909572,0.9629550220600516,2000-06-30
193,10,4,5,14.472797680898154,1.1008912946180813,2000-06-30
194,10,5,7,13.106904088985345,1.2112858555742625,2000-06-30
195,10,6,6,13.235802400918663,1.2981455971180615,2000-06-30
196,10,7,5,13.819373006714034,1.3511347362650512,2000-06-30
197,10,8,6,13.448907898427791,1.421941841840417,2000-06-30
198,10,9,7,14.380199667438323,1.6080034382057309,2000-06-30
199,10,10,8,13.097473519909123,1.915671985580159,2000-06-30
200,1,1,7,8.371179906760029,0.48410911754556496,2001-06-30
201,1,2,6,8.191418714628846,0.8286080761311277,2001-06-30
202,1,3,6,8.388801415997568,1.0053640259570618,2001-06-30
203,1,4,6,8.147581627255674,1.140494890222345,2001-06-30
204,1,5,6,8.188559482140905,1.2278714709076057,2001-06-30
205,1,6,6,8.550759144592211,1.3751231640337893,2001-06-30
206,1,7,6,8.532487225360226,1.5159718522826928,2001-06-30
207,1,8,6,8.45367023972923,1.6618455444234017,2001-06-30
208,1,9,6,8.046167150908133,1.7691142740953147,2001-06-30
209,1,10,6,8.346239719991699,1.9991825742942806,2001-06-30
210,2,1,18,9.224726757039447,0.023751784222311334,2001-06-30
211,2,2,6,9.277193786656019,0.47480846300301055,2001-06-30
212,2,3,11,9.23113433018647,0.6374715972770816,2001-06-30
213,2,4,7,9.199071240933026,0.7840683716690677,2001-06-30
214,2,5,6,9.137580152767265,0.8807181408646413,2001-06-30
215,2,6,8,9.196796016886717,0.9814332176136489,2001-06-30
216,2,7,6,9.254208770589793,1.1257747838934165,2001-06-30
217,2,8,7,9.186244874408212,1.2834231885661078,2001-06-30
218,2,9,6,9.067805324212662,1.5688812352524926,2001-06-30
219,2,10,8,9.30495137367689,2.016251237269442,2001-06-30
220,3,1,26,9.609710043260172,0.19357012868415896,2001-06-30
221,3,2,9,9.714747166758741,0.674366571791685,2001-06-30
222,3,3,7,9.625929456743446,0.8315364897409944,2001-06-30
223,3,4,7,9.63822351793614,0.8887062441492765,2001-06-30
224,3,5,10,9.6378505329998,0.9925928937746118,2001-06-30
225,3,6,5,9.503213660855014,1.0904837557704012,2001-06-30
226,3,7,8,9.639355158988108,1.1807555503515506,2001-06-30
227,3,8,6,9.563037416965157,1.285982615545073,2001-06-30
228,3,9,9,9.50041959120696,1.4125739365677512,2001-06-30
229,3,10,10,9.596377952871844,1.858770871525611,2001-06-30
230,4,1,20,9.947665743596623,0.27183420608325937,2001-06-30
231,4,2,12,9.947634522444485,0.5909501285576503,2001-06-30
232,4,3,10,9.998415810140997,0.7714713356454612,2001-06-30
233,4,4,11,10.01571693177482,0.8982074612161957,2001-06-30
234,4,5,8,9.932030308745189,1.041723876669888,2001-06-30
235,4,6,6,9.942774897154292,1.1067158211051786,2001-06-30
236,4,7,7,10.018163889839874,1.2178271281278747,2001-06-30
237,4,8,7,9.950762206046123,1.330106633149853,2001-06-30
238,4,9,6,9.953387537121406,1.4720996655970586,2001-06-30
239,4,10,7,9.957880632037504,1.692314314730289,2001-06-30
240,5,1,23,10.230755419100776,0.06125269217153231,2001-06-30
241,5,2,10,10.23275396763007,0.5735709256796111,2001-06-30
242,5,3,10,10.210711329403036,0.7222964305231623,2001-06-30
243,5,4,6,10.19658568525339,0.8117336609399605,2001-06-30
244,5,5,6,10.250786902247526,0.9150610375182103,2001-06-30
245,5,6,10,10.239487542094903,1.0363736008002913,2001-06-30
246,5,7,6,10.218036563375545,1.128312117747243,2001-06-30
247,5,8,8,10.219241211568926,1.2950455109532721,2001-06-30
248,5,9,6,10.184095970280111,1.507468509745939,2001-06-30
249,5,10,8,10.203906350312469,2.236255990712239,2001-06-30
250,6,1,22,10.50403696169694,0.2785568734854775,2001-06-30
251,6,2,7,10.462123905577647,0.6448465569174687,2001-06-30
252,6,3,12,10.490520658431155,0.7716071332186937,2001-06-30
253,6,4,7,10.542087408453437,0.8702294012491396,2001-06-30
254,6,5,8,10.505792811704374,0.9887233796101755,2001-06-30
255,6,6,6,10.463808364906704,1.1211637805788057,2001-06-30
256,6,7,9,10.554044953316469,1.1695876945743262,2001-06-30
257,6,8,8,10.572947521658808,1.293148287127379,2001-06-30
258,6,9,7,10.505054112994527,1.4340476002532867,2001-06-30
259,6,10,11,10.474727627329667,1.9647583184629875,2001-06-30
260,7,1,14,10.85313300258822,0.27344143473055155,2001-06-30
261,7,2,9,10.807042540511686,0.5418672723391,2001-06-30
262,7,3,10,10.864756701509801,0.7237197265380292,2001-06-30
263,7,4,5,10.897691238055074,0.8341762215608041,2001-06-30
264,7,5,8,10.790332571549587,0.9496292363289618,2001-06-30
265,7,6,8,10.871722018777154,1.068836759289885,2001-06-30
266,7,7,5,10.79664742264625,1.1385512844571262,2001-06-30
267,7,8,7,10.89679953580406,1.2166837039844076,2001-06-30
268,7,9,9,10.818991299622041,1.325604788574577,2001-06-30
269,7,10,16,10.844460711838021,1.7695629973853706,2001-06-30
270,8,1,15,11.270527558436054,0.254804483140955,2001-06-30
271,8,2,8,11.248564187274912,0.5880566580456229,2001-06-30
272,8,3,8,11.355281191834994,0.7514382004114009,2001-06-30
273,8,4,9,11.195903721313975,0.9253615148322639,2001-06-30
274,8,5,7,11.26877154663062,1.0377665832210952,2001-06-30
275,8,6,6,11.2620601139772,1.1369932283204018,2001-06-30
276,8,7,7,11.246169536760323,1.201480721239408,2001-06-30
277,8,8,10,11.301004226367958,1.3951644042732962,2001-06-30
278,8,9,6,11.177332540252051,1.693694704303761,2001-06-30
279,8,10,8,11.257328919917871,2.1535227983778147,2001-06-30
280,9,1,8,12.03263193944079,0.37693816173024497,2001-06-30
281,9,2,8,11.856738620173445,0.6278802553165221,2001-06-30
282,9,3,6,12.11040124244147,0.7562794650186976,2001-06-30
283,9,4,6,11.918844218376742,0.8886050977549584,2001-06-30
284,9,5,6,11.968818730485017,1.0188497144526079,2001-06-30
285,9,6,5,12.048953847137161,1.1325719425119434,2001-06-30
286,9,7,6,12.224247577349738,1.178884802929951,2001-06-30
287,9,8,5,11.916399912910245,1.2396795477582465,2001-06-30
288,9,9,6,11.882545967176407,1.3981000877303547,2001-06-30
289,9,10,8,12.105130900710048,1.899756599070832,2001-06-30
290,10,1,6,13.408776834327389,0.5333256196083529,2001-06-30
291,10,2,5,14.358346922455112,0.721051485918504,2001-06-30
292,10,3,6,13.868683298255647,0.8589126015494598,2001-06-30
293,10,4,5,14.095470497790567,1.0661007330975618,2001-06-30
294,10,5,6,13.209147851970178,1.1676889981656167,2001-06-30
295,10,6,5,14.51350607245178,1.2128576731854817,2001-06-30
296,10,7,5,13.160958227265308,1.2821073501567075,2001-06-30
297,10,8,5,13.279860533790764,1.3386181709862284,2001-06-30
298,10,9,5,14.427971530827534,1.4442366704820429,2001-06-30
299,10,10,8,13.57218323223547,1.7686763444501146,2001-06-30
300,1,1,30,8.761972029518676,0.09057843564420537,2002-06-30
301,1,2,9,8.912220830207335,0.5046710587681352,2002-06-30
302,1,3,9,8.683625265460755,0.5740343810895766,2002-06-30
303,1,4,12,8.75922062023911,0.7200399832803911,2002-06-30
304,1,5,13,8.88141476829616,0.8667671263372075,2002-06-30
305,1,6,9,8.886736540428876,0.9627733319160614,2002-06-30
306,1,7,7,8.838078519612026,1.0813983669892602,2002-06-30
307,1,8,10,8.542476279319745,1.2282516725858612,2002-06-30
308,1,9,9,8.615734263999435,1.3762981098827691,2002-06-30
309,1,10,9,8.64242070571273,1.8730163782925346,2002-06-30
310,2,1,33,9.381292223535324,0.06527173941238788,2002-06-30
311,2,2,19,9.400952561201336,0.5656691658021399,2002-06-30
312,2,3,11,9.435470866370645,0.7036568480845088,2002-06-30
313,2,4,7,9.299765053535577,0.8069230817700822,2002-06-30
314,2,5,7,9.426308860764381,0.881472977989471,2002-06-30
315,2,6,8,9.4556495254441,0.9381838642269347,2002-06-30
316,2,7,9,9.435553613319298,1.07074197006965,2002-06-30
317,2,8,9,9.433543038410185,1.20444233095645,2002-06-30
318,2,9,11,9.453661296219122,1.3733461185293818,2002-06-30
319,2,10,16,9.361927103167794,1.992310701211262,2002-06-30
320,3,1,26,9.745285095852008,0.162319463580507,2002-06-30
321,3,2,19,9.769234392239087,0.4639825718085318,2002-06-30
322,3,3,15,9.727518237134158,0.6458969588909647,2002-06-30
323,3,4,12,9.747350476419756,0.8423521772430275,2002-06-30
324,3,5,9,9.748390224085647,0.9795367442138819,2002-06-30
325,3,6,7,9.752258344736267,1.0637634011231092,2002-06-30
326,3,7,8,9.732072451642605,1.172132442995778,2002-06-30
327,3,8,13,9.773854945333017,1.282163081123251,2002-06-30
328,3,9,8,9.820135715360134,1.5063196599393531,2002-06-30
329,3,10,10,9.741664791934861,1.9293206536843073,2002-06-30
330,4,1,23,10.074916682518403,0.335724183815699,2002-06-30
331,4,2,8,10.066010190759656,0.6956484536508554,2002-06-30
332,4,3,9,10.075693137211255,0.7771114892358455,2002-06-30
333,4,4,6,10.079927607971552,0.8435963108349406,2002-06-30
334,4,5,7,10.153110554089242,0.9076939545229921,2002-06-30
335,4,6,9,10.099411613266277,1.0287254085558013,2002-06-30
336,4,7,12,10.135117365350276,1.1286935035986263,2002-06-30
337,4,8,10,10.10119243364644,1.2581715767321193,2002-06-30
338,4,9,11,10.149255698097129,1.404315268311283,2002-06-30
339,4,10,13,10.13454399735083,2.0051325544814778,2002-06-30
340,5,1,15,10.353301743541074,0.15065937813155642,2002-06-30
341,5,2,11,10.402770157997491,0.5566038788502395,2002-06-30
342,5,3,11,10.379284989973753,0.6940041739405425,2002-06-30
343,5,4,6,10.414779252949343,0.8331603365474357,2002-06-30
344,5,5,8,10.3168860200862,0.9056149540562285,2002-06-30
345,5,6,10,10.377595826188266,0.9947666741361931,2002-06-30
346,5,7,6,10.343163914082806,1.1057772058625892,2002-06-30
347,5,8,13,10.405761801336977,1.2333647045433236,2002-06-30
348,5,9,11,10.375198492479571,1.4608544653748723,2002-06-30
349,5,10,15,10.34297929044402,1.9257361714492915,2002-06-30
350,6,1,17,10.63477090687414,0.1263726116535176,2002-06-30
351,6,2,7,10.653027325491431,0.552666863885513,2002-06-30
352,6,3,9,10.598917176936176,0.7182143864744377,2002-06-30
353,6,4,8,10.570412823170445,0.8623673406879767,2002-06-30
354,6,5,9,10.628599671025933,0.9721240450113908,2002-06-30
355,6,6,7,10.63158269248301,1.101875864147896,2002-06-30
356,6,7,5,10.595777859876652,1.1702876348022264,2002-06-30
357,6,8,6,10.662535990462523,1.3248995527340712,2002-06-30
358,6,9,7,10.655920219550891,1.5189714124129134,2002-06-30
359,6,10,13,10.621973474459256,1.904427391938356,2002-06-30
360,7,1,12,10.930535901039837,0.3907527985428763,2002-06-30
361,7,2,11,11.02636617848589,0.6480017364813209,2002-06-30
362,7,3,5,10.96250996836234,0.7984727860952795,2002-06-30
363,7,4,7,10.981152785160488,0.8998915582079371,2002-06-30
364,7,5,6,10.956063953678685,0.989636944314421,2002-06-30
365,7,6,6,10.907403712686438,1.066107761690953,2002-06-30
366,7,7,8,10.939062132619767,1.1468435871360776,2002-06-30
367,7,8,5,10.998945969028998,1.2162995929359819,2002-06-30
368,7,9,12,11.019462034409976,1.4060354058951583,2002-06-30
369,7,10,7,10.848563469477416,1.8343440413841228,2002-06-30
370,8,1,10,11.550070762538695,0.39467039523429315,2002-06-30
371,8,2,7,11.553458414818119,0.6303636570914647,2002-06-30
372,8,3,6,11.552152790712752,0.7274552039662691,2002-06-30
373,8,4,6,11.47893402415376,0.8360431093908735,2002-06-30
374,8,5,9,11.468015342239692,0.9817911481303354,2002-06-30
375,8,6,5,11.34371039903553,1.1043172507912726,2002-06-30
376,8,7,6,11.386547324795808,1.1689490236519826,2002-06-30
377,8,8,7,11.425944927430901,1.274181820640478,2002-06-30
378,8,9,9,11.414316522555144,1.4582846576404773,2002-06-30
379,8,10,13,11.446098332197185,2.0562329124662075,2002-06-30
380,9,1,7,12.217528366795806,0.5634708652662557,2002-06-30
381,9,2,6,12.130845472837668,0.7911934412238568,2002-06-30
382,9,3,7,12.1670393323195,0.9347247217474953,2002-06-30
383,9,4,6,12.392056136905886,1.0316266669232812,2002-06-30
384,9,5,6,12.33607902989642,1.1302670014127887,2002-06-30
385,9,6,6,12.482195802499781,1.1923434063200224,2002-06-30
386,9,7,6,12.463368467819487,1.2457646086300687,2002-06-30
387,9,8,6,12.26197753118513,1.3042654772115665,2002-06-30
388,9,9,7,12.359118179752945,1.4944373906971293,2002-06-30
389,9,10,9,12.357476848963913,3.210128849508144,2002-06-30
390,10,1,5,13.98867387136965,0.38665650254617473,2002-06-30
391,10,2,5,15.046657017997607,0.6435552506608964,2002-06-30
392,10,3,7,14.445587712408985,0.8483214520015706,2002-06-30
393,10,4,5,14.442289396171265,1.054938109496906,2002-06-30
394,10,5,5,14.825982556651095,1.1304561607449934,2002-06-30
395,10,6,5,13.372194044283557,1.1777755385175754,2002-06-30
396,10,7,5,13.976230625212546,1.247560568029014,2002-06-30
397,10,8,5,13.46463519691236,1.3258698205879835,2002-06-30
398,10,9,5,14.569041923352131,1.447417053784092,2002-06-30
399,10,10,10,13.729278662240535,1.728913612084708,2002-06-30
400,1,1,16,8.574530051256843,-0.2753704294281242,2003-06-30
401,1,2,19,8.68283815395453,0.17629862128482085,2003-06-30
402,1,3,19,8.741570118232728,0.36331221712280276,2003-06-30
403,1,4,16,8.701369107618184,0.48301425843612095,2003-06-30
404,1,5,6,8.849134488385351,0.5743967220567828,2003-06-30
405,1,6,20,8.787291453132347,0.6888692738195725,2003-06-30
406,1,7,23,8.679905814867528,0.9013890546471205,2003-06-30
407,1,8,18,8.820643922873138,1.1245160490059833,2003-06-30
408,1,9,13,8.670871203783074,1.3546953725788773,2003-06-30
409,1,10,19,8.769795962154973,1.7883084930534894,2003-06-30
410,2,1,25,9.31388458643304,0.06665309799554368,2003-06-30
411,2,2,9,9.270294367364055,0.4024993405738929,2003-06-30
412,2,3,9,9.26706486152881,0.5075998075521541,2003-06-30
413,2,4,9,9.29389419615748,0.5685422849733898,2003-06-30
414,2,5,17,9.264885793438607,0.6882997708129148,2003-06-30
415,2,6,12,9.293516178058399,0.8095558621251918,2003-06-30
416,2,7,10,9.300458953745348,0.9174184928766008,2003-06-30
417,2,8,22,9.284554998046936,1.1002109288241984,2003-06-30
418,2,9,15,9.239909615009351,1.4234800797933935,2003-06-30
419,2,10,22,9.297844107007478,2.0100218060098825,2003-06-30
420,3,1,16,9.624929249835402,-0.009877383323549803,2003-06-30
421,3,2,14,9.591604791376312,0.42359017037022,2003-06-30
422,3,3,9,9.615180949872144,0.6201035174414369,2003-06-30
423,3,4,7,9.622852018854147,0.7002582755669116,2003-06-30
424,3,5,8,9.5699781422917,0.7643466033971094,2003-06-30
425,3,6,9,9.600845792311006,0.8458486218886968,2003-06-30
426,3,7,11,9.613463435094774,0.9284246436152237,2003-06-30
427,3,8,12,9.599025306101387,1.0670166307967086,2003-06-30
428,3,9,11,9.63793448963408,1.2030302258573913,2003-06-30
429,3,10,36,9.615621411817745,1.7320399539106726,2003-06-30
430,4,1,18,9.940175838855762,0.06931915730113672,2003-06-30
431,4,2,10,9.967379355059311,0.4421369365730931,2003-06-30
432,4,3,8,9.997056404513765,0.5609893748176401,2003-06-30
433,4,4,7,9.847098978518178,0.6017375043073423,2003-06-30
434,4,5,7,9.954570239595432,0.6326828182231888,2003-06-30
435,4,6,11,9.9762671724825,0.7396603981373783,2003-06-30
436,4,7,6,9.965580596972606,0.8375605184749432,2003-06-30
437,4,8,19,9.914452656878062,1.0178346030551975,2003-06-30
438,4,9,16,9.917204329327266,1.2311221076136545,2003-06-30
439,4,10,32,9.93595905069888,1.7496522890610493,2003-06-30
440,5,1,12,10.255827894354148,0.08919988764980848,2003-06-30
441,5,2,8,10.2236741547209,0.4065335510318325,2003-06-30
442,5,3,10,10.31719681470654,0.49130997496264406,2003-06-30
443,5,4,8,10.27047252207414,0.605498667688295,2003-06-30
444,5,5,7,10.240438780014623,0.6859257714837889,2003-06-30
445,5,6,8,10.261000528262269,0.812750100538331,2003-06-30
446,5,7,10,10.249259572183542,0.9000705508217146,2003-06-30
447,5,8,8,10.304066682682882,0.9794091205671086,2003-06-30
448,5,9,9,10.31435610753881,1.1398023701036335,2003-06-30
449,5,10,30,10.29177992973907,1.7612722200638904,2003-06-30
450,6,1,7,10.526132397671079,0.08309782334710966,2003-06-30
451,6,2,9,10.605786227398866,0.3633239497204692,2003-06-30
452,6,3,7,10.626294375859162,0.4869037514786914,2003-06-30
453,6,4,5,10.553095676573445,0.6147326051443839,2003-06-30
454,6,5,11,10.607407890223703,0.7697197690916604,2003-06-30
455,6,6,8,10.572713513780107,0.9047508521595903,2003-06-30
456,6,7,7,10.575061175102201,0.9829186953720638,2003-06-30
457,6,8,9,10.617541089854246,1.1008572055955752,2003-06-30
458,6,9,13,10.626878529356608,1.3302991480620354,2003-06-30
459,6,10,14,10.62511801150218,1.7611638572331085,2003-06-30
460,7,1,9,10.928484059111092,0.032365078231675656,2003-06-30
461,7,2,7,11.066971237771195,0.42300000347606304,2003-06-30
462,7,3,7,10.920827929462176,0.6004089243122247,2003-06-30
463,7,4,6,10.855359087429528,0.7680604461988513,2003-06-30
464,7,5,9,10.976896476331719,0.8557295923618583,2003-06-30
465,7,6,11,11.026827731208318,0.9770661380854769,2003-06-30
466,7,7,7,10.98397501542294,1.1047886355717174,2003-06-30
467,7,8,10,10.999839693286425,1.1918723832088656,2003-06-30
468,7,9,10,11.027008640413925,1.3861957747426497,2003-06-30
469,7,10,16,10.983496041958642,2.014178635639977,2003-06-30
470,8,1,6,11.519367774426115,0.25931945390886174,2003-06-30
471,8,2,7,11.517820562113917,0.47551707796859377,2003-06-30
472,8,3,5,11.543234003138405,0.5222938857633599,2003-06-30
473,8,4,6,11.601548668662446,0.5860376167817479,2003-06-30
474,8,5,7,11.482562848065283,0.7626286620996997,2003-06-30
475,8,6,5,11.537462989197135,0.8344855090098576,2003-06-30
476,8,7,8,11.53101155383004,0.9795306188225958,2003-06-30
477,8,8,7,11.513503437691485,1.122583490553484,2003-06-30
478,8,9,12,11.41097557486549,1.4719898406171132,2003-06-30
479,8,10,14,11.505326985064526,2.472834352897743,2003-06-30
480,9,1,8,12.44057056596007,0.47791610199263107,2003-06-30
481,9,2,5,12.303217113208214,0.7748020328497327,2003-06-30
482,9,3,6,12.551201502689878,0.9166878045749326,2003-06-30
483,9,4,5,12.204125090103023,0.9893138643839168,2003-06-30
484,9,5,6,12.51333043996722,1.0766675998965605,2003-06-30
485,9,6,5,12.748810021760983,1.166763270699656,2003-06-30
486,9,7,5,12.785058469866259,1.2213580207226777,2003-06-30
487,9,8,7,12.354634805053383,1.3499130991767014,2003-06-30
488,9,9,8,12.36854421904209,1.5977103937755577,2003-06-30
489,9,10,10,12.318945634813613,2.3162558159624522,2003-06-30
490,10,1,6,14.208867180484589,0.2656885164957779,2003-06-30
491,10,2,6,14.449288315753504,0.5684823507771463,2003-06-30
492,10,3,5,14.454397470405505,0.78096260220556,2003-06-30
493,10,4,7,14.443964037733343,0.8956459734892533,2003-06-30
494,10,5,5,14.06630407129651,1.0206441082727529,2003-06-30
495,10,6,6,14.96558468412013,1.1615320272730114,2003-06-30
496,10,7,5,13.635659467000309,1.2869839065966935,2003-06-30
497,10,8,6,13.832443224823706,1.3924187847309728,2003-06-30
498,10,9,5,14.486314973550202,1.541763068903329,2003-06-30
499,10,10,13,13.485456215505538,2.0732290978877894,2003-06-30
500,1,1,36,8.40342054100425,-0.44505031990260835,2004-06-30
501,1,2,23,8.421207167076917,0.012679514027129704,2004-06-30
502,1,3,14,8.459082525803515,0.12010593228080871,2004-06-30
503,1,4,15,8.619045547119887,0.2024897380227128,2004-06-30
504,1,5,15,8.582720398843442,0.27120005390393426,2004-06-30
505,1,6,27,8.570976673840999,0.391592404149183,2004-06-30
506,1,7,20,8.54078320186726,0.5604202124563015,2004-06-30
507,1,8,26,8.5695499132511,0.6932318501436529,2004-06-30
508,1,9,27,8.665061959296635,0.866149360139547,2004-06-30
509,1,10,78,8.522695494189996,1.395206165738251,2004-06-30
510,2,1,17,9.174015465018712,-0.3607989874034957,2004-06-30
511,2,2,12,9.244252410191157,0.15726124277091957,2004-06-30
512,2,3,18,9.216077178222127,0.3071601735299252,2004-06-30
513,2,4,9,9.192278979268782,0.41447632895173986,2004-06-30
514,2,5,13,9.235148055746626,0.48982638749167023,2004-06-30
515,2,6,15,9.281235527641671,0.6015074367506525,2004-06-30
516,2,7,10,9.142773960111786,0.7080032592460079,2004-06-30
517,2,8,17,9.23057670405058,0.8104757454511973,2004-06-30
518,2,9,23,9.242746728832465,0.9818463094537911,2004-06-30
519,2,10,36,9.240654495101971,1.609661964168363,2004-06-30
520,3,1,18,9.581870338535968,-0.40040686769513884,2004-06-30
521,3,2,11,9.61951201578875,0.09453568476970485,2004-06-30
522,3,3,11,9.604720792428214,0.19650206403577436,2004-06-30
523,3,4,10,9.614010720548757,0.31073687908457026,2004-06-30
524,3,5,8,9.560926834069685,0.3910413518819331,2004-06-30
525,3,6,9,9.630420525550232,0.4508738933852232,2004-06-30
526,3,7,19,9.523870379320671,0.6182281836567729,2004-06-30
527,3,8,13,9.63632139496719,0.8412122918613887,2004-06-30
528,3,9,22,9.583716819875105,1.103388115955225,2004-06-30
529,3,10,32,9.576586386979676,1.6846784567856723,2004-06-30
530,4,1,12,9.94146109748617,-0.3347237467835504,2004-06-30
531,4,2,10,9.970357877283996,0.09586446438592636,2004-06-30
532,4,3,10,10.010740041793266,0.24808080674038568,2004-06-30
533,4,4,8,9.969467233532066,0.372243494125134,2004-06-30
534,4,5,8,9.908139176980766,0.4506073172262813,2004-06-30
535,4,6,9,9.932153024421416,0.5532447341177268,2004-06-30
536,4,7,11,9.970130161057993,0.6524963241208568,2004-06-30
537,4,8,11,9.907209355723843,0.7370658835710547,2004-06-30
538,4,9,11,9.938112836571129,0.8337635280071652,2004-06-30
539,4,10,42,9.954163529714398,1.4508934317135427,2004-06-30
540,5,1,8,10.305814932218796,-0.39007839789482374,2004-06-30
541,5,2,9,10.348208952665862,0.15770012384977944,2004-06-30
542,5,3,10,10.217849680338713,0.34728343564911623,2004-06-30
543,5,4,8,10.206734240207158,0.43686371953025327,2004-06-30
544,5,5,6,10.302536417449753,0.5037961987517311,2004-06-30
545,5,6,9,10.234443697602257,0.6093588661271375,2004-06-30
546,5,7,6,10.279777450127927,0.7099558893674517,2004-06-30
547,5,8,8,10.309396520168967,0.8274096889266974,2004-06-30
548,5,9,7,10.289696445897945,0.977417185218885,2004-06-30
549,5,10,37,10.277632131065843,1.4917059253373235,2004-06-30
550,6,1,10,10.643352612613944,-0.027614253424354827,2004-06-30
551,6,2,8,10.592958036076945,0.22277888912789862,2004-06-30
552,6,3,9,10.630087329655769,0.37449577560055064,2004-06-30
553,6,4,8,10.632552459974693,0.5498212324664238,2004-06-30
554,6,5,6,10.73875692312735,0.6044122283257051,2004-06-30
555,6,6,8,10.619024017754187,0.6960695900148761,2004-06-30
556,6,7,7,10.577990532246663,0.769726901271295,2004-06-30
557,6,8,14,10.633722742035127,0.8645033567694963,2004-06-30
558,6,9,12,10.659613422185341,1.0367855177878367,2004-06-30
559,6,10,24,10.666738686278572,1.5424888646993746,2004-06-30
560,7,1,8,11.060065173860743,-0.026722685477706672,2004-06-30
561,7,2,5,11.129596980522598,0.27759253974396986,2004-06-30
562,7,3,7,11.091815090039814,0.38392957146734324,2004-06-30
563,7,4,6,11.186592551548467,0.5437177927307858,2004-06-30
564,7,5,6,11.04556423057732,0.640176230589384,2004-06-30
565,7,6,7,11.052902178359485,0.7767142431004155,2004-06-30
566,7,7,6,11.151467787837483,0.9091312250423154,2004-06-30
567,7,8,7,11.13195068331545,1.0840134225650595,2004-06-30
568,7,9,8,11.036349821538948,1.2938437252898474,2004-06-30
569,7,10,21,11.08331274657921,2.0119626762198473,2004-06-30
570,8,1,6,11.629827624131336,0.1886324817441334,2004-06-30
571,8,2,6,11.564484296658165,0.2774428167423706,2004-06-30
572,8,3,5,11.722178886216538,0.40375043162920266,2004-06-30
573,8,4,7,11.656181294776449,0.5218236064157427,2004-06-30
574,8,5,5,11.728618568136042,0.6350972694658941,2004-06-30
575,8,6,10,11.728771707698332,0.7662247155865806,2004-06-30
576,8,7,5,11.660819010914661,0.842270083821461,2004-06-30
577,8,8,9,11.732209831452776,0.9687007291392358,2004-06-30
578,8,9,8,11.676295395194382,1.215429402136654,2004-06-30
579,8,10,26,11.776410986578528,2.040704634585695,2004-06-30
580,9,1,7,12.560418218126884,0.265838535632394,2004-06-30
581,9,2,5,12.713877308478024,0.4783477548600549,2004-06-30
582,9,3,6,12.507784745970369,0.6530188829670354,2004-06-30
583,9,4,6,12.58760681384684,0.731378240290391,2004-06-30
584,9,5,5,12.536450775923885,0.7976711487356367,2004-06-30
585,9,6,6,12.637493323050998,0.9116985291544014,2004-06-30
586,9,7,6,12.738420530912244,1.0908669788959904,2004-06-30
587,9,8,6,12.558371716523581,1.2073984633593289,2004-06-30
588,9,9,11,12.62611649501004,1.5255777210697223,2004-06-30
589,9,10,8,12.410002959012658,2.1795182607957297,2004-06-30
590,10,1,6,14.634372515096347,0.17957344663292715,2004-06-30
591,10,2,6,14.25165457916129,0.4423900335279647,2004-06-30
592,10,3,6,14.72389441015128,0.6381944072696336,2004-06-30
593,10,4,6,15.044014267881806,0.8221172277572374,2004-06-30
594,10,5,6,14.155127357302547,0.9622919884603544,2004-06-30
595,10,6,5,14.12215111084809,1.065508572776323,2004-06-30
596,10,7,6,14.71500866138168,1.2129540768136837,2004-06-30
597,10,8,6,14.72568761505079,1.3243879090361965,2004-06-30
598,10,9,6,14.591055427259723,1.442227434227452,2004-06-30
599,10,10,10,14.083101928973154,2.0709188527393048,2004-06-30
600,1,1,16,8.940757666777749,-0.274152893966527,2005-06-30
601,1,2,11,8.938977893874974,0.19066738843029366,2005-06-30
602,1,3,18,9.180677785950044,0.30340388622464043,2005-06-30
603,1,4,17,9.106047787478998,0.4325045368850775,2005-06-30
604,1,5,17,9.00764202698501,0.5230248859171163,2005-06-30
605,1,6,18,9.089476708888489,0.5962899335602172,2005-06-30
606,1,7,27,9.101535509209626,0.7186381086884329,2005-06-30
607,1,8,39,8.93222436309461,0.9034944024624991,2005-06-30
608,1,9,33,9.063743749401972,1.1453761485855576,2005-06-30
609,1,10,66,9.098591198503401,1.7079888620886858,2005-06-30
610,2,1,24,9.702338050957044,-0.09898960168190656,2005-06-30
611,2,2,13,9.710411873143935,0.336550784692478,2005-06-30
612,2,3,15,9.606498511279893,0.44386518199901875,2005-06-30
613,2,4,11,9.79056375134207,0.5810955628766815,2005-06-30
614,2,5,15,9.702886589699494,0.6621889377047836,2005-06-30
615,2,6,19,9.682979543896527,0.7895891752489055,2005-06-30
616,2,7,15,9.73271167740503,0.9207112895460627,2005-06-30
617,2,8,16,9.651222562665348,1.0102466893919615,2005-06-30
618,2,9,16,9.721375640756255,1.0823589869891157,2005-06-30
619,2,10,72,9.739578454755309,1.5215949431579296,2005-06-30
620,3,1,15,10.144444041041508,-0.24706048415339726,2005-06-30
621,3,2,10,10.177209354451495,0.3386555224789489,2005-06-30
622,3,3,12,10.196339975169916,0.45900515674741293,2005-06-30
623,3,4,13,10.134478974473513,0.6027499754760534,2005-06-30
624,3,5,9,10.127639179952972,0.6831892708772308,2005-06-30
625,3,6,8,10.153494564999484,0.7762143529172849,2005-06-30
626,3,7,11,10.14296737105941,0.8944700496031506,2005-06-30
627,3,8,10,10.154724204068183,0.9981996021449646,2005-06-30
628,3,9,25,10.137858566718672,1.1722312025357895,2005-06-30
629,3,10,48,10.148052714066663,1.7826777941444656,2005-06-30
630,4,1,10,10.578861043564023,-0.26384193134865674,2005-06-30
631,4,2,10,10.500216095020296,0.4279475035942394,2005-06-30
632,4,3,8,10.483700132160974,0.5504712401759994,2005-06-30
633,4,4,6,10.496741927776299,0.6310851561078983,2005-06-30
634,4,5,7,10.519014413567236,0.6897415759311468,2005-06-30
635,4,6,8,10.501180155353946,0.7468248102150092,2005-06-30
636,4,7,11,10.477785357626884,0.8469956746239894,2005-06-30
637,4,8,20,10.530190813213107,1.0117017690321426,2005-06-30
638,4,9,16,10.508557081899916,1.2212351541737982,2005-06-30
639,4,10,38,10.511174069009552,1.7903028350255912,2005-06-30
640,5,1,9,10.812053849527834,-0.1540532477863898,2005-06-30
641,5,2,7,10.894453098309805,0.18592234470499266,2005-06-30
642,5,3,6,10.89557296173952,0.43214211823359244,2005-06-30
643,5,4,7,10.88550851639702,0.5532688145951579,2005-06-30
644,5,5,9,10.85941935043513,0.6868453632598506,2005-06-30
645,5,6,7,10.806282092602732,0.8345254453905534,2005-06-30
646,5,7,9,10.911761143746743,0.9637628330612262,2005-06-30
647,5,8,11,10.845276553357,1.0696662040386162,2005-06-30
648,5,9,11,10.905357346259287,1.1800159347344008,2005-06-30
649,5,10,37,10.866644941567657,1.7157628710983723,2005-06-30
650,6,1,11,11.281846765967867,-0.02351617251525254,2005-06-30
651,6,2,7,11.195470460475352,0.5317023388031764,2005-06-30
652,6,3,6,11.193321649921037,0.6470445469018152,2005-06-30
653,6,4,10,11.22521271778309,0.7066036420748298,2005-06-30
654,6,5,5,11.182944354088784,0.8103387453986197,2005-06-30
655,6,6,8,11.340102268674096,0.9190062827116795,2005-06-30
656,6,7,8,11.229058011275958,1.021296417093304,2005-06-30
657,6,8,9,11.268530452816428,1.0867763141754427,2005-06-30
658,6,9,16,11.277434892171163,1.2890788062601353,2005-06-30
659,6,10,29,11.318728563439922,1.9685333630147768,2005-06-30
660,7,1,6,11.726929150567655,-0.272803806614575,2005-06-30
661,7,2,8,11.71056677317469,0.420842685947738,2005-06-30
662,7,3,7,11.839629047607257,0.5733472802031946,2005-06-30
663,7,4,9,11.785307878699136,0.693862881200303,2005-06-30
664,7,5,6,11.756567595099382,0.8287595601829715,2005-06-30
665,7,6,7,11.71778716337935,0.9291472231207593,2005-06-30
666,7,7,10,11.734892728174914,1.0589490504478536,2005-06-30
667,7,8,10,11.726949711437928,1.2046446513453481,2005-06-30
668,7,9,6,11.760518921461871,1.327383590912249,2005-06-30
669,7,10,18,11.782388602241335,2.0868220597169342,2005-06-30
670,8,1,7,12.35932706381792,0.1623030391408226,2005-06-30
671,8,2,6,12.301045788915566,0.3841330496062276,2005-06-30
672,8,3,6,12.319345915534976,0.6732377777003294,2005-06-30
673,8,4,8,12.237713488621878,0.781947232558428,2005-06-30
674,8,5,7,12.283403964510407,0.9133667452560309,2005-06-30
675,8,6,8,12.32655933867645,1.028404132380321,2005-06-30
676,8,7,8,12.37671576164168,1.1507666790315085,2005-06-30
677,8,8,7,12.27666885270291,1.3052901129634262,2005-06-30
678,8,9,14,12.315513602417383,1.5160717569194309,2005-06-30
679,8,10,14,12.255938841416306,2.0694628284206638,2005-06-30
680,9,1,7,13.145200098742203,0.4283871389630898,2005-06-30
681,9,2,6,13.160644035615055,0.7207238485433903,2005-06-30
682,9,3,5,12.832451255434563,0.8201040839679795,2005-06-30
683,9,4,6,13.135685894809741,0.9092170295852577,2005-06-30
684,9,5,6,13.279040214212337,0.9776020411129762,2005-06-30
685,9,6,6,13.304777527418288,1.0571346238810142,2005-06-30
686,9,7,5,13.301654350664311,1.1992384155542548,2005-06-30
687,9,8,8,13.140776957762467,1.3650832098681722,2005-06-30
688,9,9,7,13.141349500899853,1.5777380700976578,2005-06-30
689,9,10,11,13.112491938743817,1.9689338591749748,2005-06-30
690,10,1,7,14.768826768417885,0.2444202733559251,2005-06-30
691,10,2,6,15.255163519910235,0.49611048332760554,2005-06-30
692,10,3,5,14.783695380120477,0.6569471695908394,2005-06-30
693,10,4,6,15.111346109280468,0.8203354968671551,2005-06-30
694,10,5,6,15.280841428351387,1.0709739832218281,2005-06-30
695,10,6,5,14.795761544759335,1.1834630501930712,2005-06-30
696,10,7,6,14.65478140828102,1.2354391985806767,2005-06-30
697,10,8,5,15.033035389983493,1.3123573517696587,2005-06-30
698,10,9,6,14.368290600906406,1.460929376658249,2005-06-30
699,10,10,8,14.41894205485948,1.7577675360566998,2005-06-30
700,1,1,17,9.391282395907114,-0.06326568834092687,2006-06-30
701,1,2,18,9.663000776031758,0.31254816685251274,2006-06-30
702,1,3,21,9.483335295188601,0.47138322906561536,2006-06-30
703,1,4,21,9.457358003808858,0.5905897247658645,2006-06-30
704,1,5,19,9.51973559886847,0.6596726801605378,2006-06-30
705,1,6,27,9.542064844780114,0.7571385226677108,2006-06-30
706,1,7,20,9.416349858061228,0.8843526411321159,2006-06-30
707,1,8,34,9.480434077797456,1.0478802976205546,2006-06-30
708,1,9,33,9.552045251440298,1.2148913306251046,2006-06-30
709,1,10,38,9.512441282213553,1.873404823610117,2006-06-30
710,2,1,12,10.121098721883962,-0.234132397282549,2006-06-30
711,2,2,10,10.091085811554407,0.23671699503608887,2006-06-30
712,2,3,10,10.091654436692533,0.3750404145466849,2006-06-30
713,2,4,12,10.149873911607305,0.49819599663794073,2006-06-30
714,2,5,21,10.062784104834597,0.6076067905054076,2006-06-30
715,2,6,22,10.1002460094618,0.7284941359954572,2006-06-30
716,2,7,29,10.146592799486534,0.8847894778841531,2006-06-30
717,2,8,29,10.041281359513075,1.0445636876395255,2006-06-30
718,2,9,30,10.128851912329031,1.2221192914317358,2006-06-30
719,2,10,47,10.081315599177952,1.7200843859662074,2006-06-30
720,3,1,15,10.465050653263704,-0.03618330691666755,2006-06-30
721,3,2,15,10.385249539294245,0.3885907822891443,2006-06-30
722,3,3,12,10.406188200252517,0.6038177545287121,2006-06-30
723,3,4,12,10.426011244992056,0.6959737152314815,2006-06-30
724,3,5,14,10.404698849632256,0.7830403899566807,2006-06-30
725,3,6,8,10.472382788366598,0.8552144735753799,2006-06-30
726,3,7,17,10.441590380923891,0.9642902955616037,2006-06-30
727,3,8,24,10.445518548458613,1.1148647330692,2006-06-30
728,3,9,14,10.413457115622519,1.2415430926191517,2006-06-30
729,3,10,45,10.41673177766685,1.7768715659785568,2006-06-30
730,4,1,13,10.73496624115707,-0.212431890941074,2006-06-30
731,4,2,10,10.704469611295988,0.29518354336429253,2006-06-30
732,4,3,13,10.74810729075431,0.5185471280250785,2006-06-30
733,4,4,5,10.779361751192667,0.5945456779181553,2006-06-30
734,4,5,15,10.746325336522679,0.7017975613574896,2006-06-30
735,4,6,11,10.685135167313796,0.7950222415958641,2006-06-30
736,4,7,12,10.747772991812809,0.8912720395176833,2006-06-30
737,4,8,16,10.77200462568878,1.0152733805713166,2006-06-30
738,4,9,32,10.758058057283652,1.255736939616446,2006-06-30
739,4,10,33,10.78501819525418,1.8995128143236286,2006-06-30
740,5,1,15,11.103607243297148,-0.06915758466139023,2006-06-30
741,5,2,10,11.075898660664377,0.3990117144310206,2006-06-30
742,5,3,10,11.116498838181702,0.56230732687909,2006-06-30
743,5,4,8,11.065374736903294,0.6972670193840302,2006-06-30
744,5,5,10,11.034697043914404,0.7979259751212385,2006-06-30
745,5,6,9,11.070380726692939,0.9242735865174916,2006-06-30
746,5,7,11,11.130330593244274,0.996812681846952,2006-06-30
747,5,8,8,11.09877203858358,1.083635750381084,2006-06-30
748,5,9,11,11.108087009749866,1.1747622050020647,2006-06-30
749,5,10,40,11.100165124913824,1.8748091993696838,2006-06-30
750,6,1,8,11.418844766237294,-0.09173463776993708,2006-06-30
751,6,2,10,11.504380244313102,0.4242174673866842,2006-06-30
752,6,3,6,11.45129189790523,0.5678255913173367,2006-06-30
753,6,4,9,11.501243240441116,0.6776571975942381,2006-06-30
754,6,5,6,11.528892926598724,0.7893556651076937,2006-06-30
755,6,6,15,11.475389561351129,0.933692843742958,2006-06-30
756,6,7,9,11.404298015275234,1.1108839794048495,2006-06-30
757,6,8,10,11.389310351845769,1.2277348849751384,2006-06-30
758,6,9,10,11.431688541972745,1.3613278942533698,2006-06-30
759,6,10,22,11.462133576663582,1.8607392516304373,2006-06-30
760,7,1,9,11.947947250961711,0.15516074735091256,2006-06-30
761,7,2,8,11.808963698929919,0.5443887296630275,2006-06-30
762,7,3,9,11.821624152307104,0.741274821234535,2006-06-30
763,7,4,9,11.852935769507567,0.8445359235622267,2006-06-30
764,7,5,6,11.912043076875625,0.949159708464902,2006-06-30
765,7,6,9,11.921959741835026,1.039001949789144,2006-06-30
766,7,7,9,11.890152244910283,1.1572117434827949,2006-06-30
767,7,8,8,11.860377296454335,1.275323372481228,2006-06-30
768,7,9,10,11.930441151986292,1.3600809929916273,2006-06-30
769,7,10,15,11.864081881889684,1.970681746067333,2006-06-30
770,8,1,7,12.634563617856585,0.16712590840893413,2006-06-30
771,8,2,7,12.451999123292035,0.4173607051046428,2006-06-30
772,8,3,8,12.411325547141782,0.6676232284703566,2006-06-30
773,8,4,7,12.462258557759627,0.745138891040388,2006-06-30
774,8,5,9,12.568857124164133,0.8422305243699344,2006-06-30
775,8,6,5,12.3207705651317,0.9695595084735013,2006-06-30
776,8,7,12,12.455200235238314,1.0630286795013792,2006-06-30
777,8,8,7,12.399595464680639,1.1675931630188376,2006-06-30
778,8,9,15,12.408463943141893,1.515734677978253,2006-06-30
779,8,10,8,12.41742342364493,2.0346184535099843,2006-06-30
780,9,1,7,13.19599086541292,0.5037199328040621,2006-06-30
781,9,2,6,13.63498982826401,0.7504309434315718,2006-06-30
782,9,3,7,13.28489726330207,0.8782637500319703,2006-06-30
783,9,4,6,13.46100932095836,0.9905819829182771,2006-06-30
784,9,5,6,13.224714831894516,1.0650680990837154,2006-06-30
785,9,6,6,13.367500804745573,1.133112039614274,2006-06-30
786,9,7,5,13.43120735807076,1.2431838154214079,2006-06-30
787,9,8,7,13.481659767256966,1.3830434409157246,2006-06-30
788,9,9,9,13.581309852262738,1.53512582275572,2006-06-30
789,9,10,13,13.357053400777497,1.9291470518298477,2006-06-30
790,10,1,7,15.245427432057557,0.32790312764097973,2006-06-30
791,10,2,6,15.582175465902745,0.5559031501809754,2006-06-30
792,10,3,5,15.641919200581238,0.6743828282033116,2006-06-30
793,10,4,7,14.589565781273137,0.9347260347740317,2006-06-30
794,10,5,6,15.028369102621047,1.0296175671961165,2006-06-30
795,10,6,5,15.133916731796663,1.1248182948186085,2006-06-30
796,10,7,6,15.640831360989957,1.2393634656322672,2006-06-30
797,10,8,5,15.417018021876055,1.2994254455141365,2006-06-30
798,10,9,6,14.589635846185315,1.4458743037102557,2006-06-30
799,10,10,6,14.925700055878957,1.8821903160247258,2006-06-30
800,1,1,22,10.001975355491412,-0.23261319232190417,2007-06-30
801,1,2,25,9.905580243431263,0.31179682100435424,2007-06-30
802,1,3,27,9.998775394259512,0.5220148491257695,2007-06-30
803,1,4,36,10.014857486095828,0.6982745295893844,2007-06-30
804,1,5,32,9.977088185470995,0.8202754567350297,2007-06-30
805,1,6,25,10.043803287678491,0.909151993757161,2007-06-30
806,1,7,40,9.984678500028853,1.079155257042087,2007-06-30
807,1,8,28,10.112029432719153,1.2338164141980303,2007-06-30
808,1,9,36,10.021004927897051,1.5011816024731826,2007-06-30
809,1,10,32,10.067511372902633,2.065391547519551,2007-06-30
810,2,1,23,10.582156947905444,-0.06965651842241946,2007-06-30
811,2,2,18,10.591866943800738,0.4291770898382393,2007-06-30
812,2,3,15,10.588071791674604,0.5670392731412982,2007-06-30
813,2,4,14,10.607135321241227,0.6895779721656844,2007-06-30
814,2,5,20,10.582583112746564,0.8044278740677899,2007-06-30
815,2,6,20,10.58080878356809,0.94439075712033,2007-06-30
816,2,7,14,10.587688345651994,1.0594187363997238,2007-06-30
817,2,8,30,10.573201355585882,1.2285573758403805,2007-06-30
818,2,9,27,10.599627987714316,1.4627784154981613,2007-06-30
819,2,10,36,10.597198126922562,2.2789271685967356,2007-06-30
820,3,1,14,10.951951690301382,-0.21289870796698265,2007-06-30
821,3,2,17,10.899861976514345,0.3976238906745904,2007-06-30
822,3,3,11,10.900826994839415,0.5640026711715405,2007-06-30
823,3,4,9,10.879383381279748,0.6437939509675698,2007-06-30
824,3,5,9,10.886007929550951,0.7458982050603743,2007-06-30
825,3,6,9,10.926165628134207,0.8283654731312663,2007-06-30
826,3,7,22,10.883075746136047,0.9799064144995566,2007-06-30
827,3,8,19,10.917316092205347,1.1853533603936421,2007-06-30
828,3,9,30,10.911815740693324,1.5676657340588533,2007-06-30
829,3,10,20,10.883356371224734,2.1863126712194556,2007-06-30
830,4,1,13,11.20352183157565,-0.03685674613016553,2007-06-30
831,4,2,11,11.168780244520615,0.4388661806306151,2007-06-30
832,4,3,13,11.242736351635076,0.6337610312083094,2007-06-30
833,4,4,9,11.21797414509711,0.7826971069789861,2007-06-30
834,4,5,19,11.239711174366212,0.8982613322168943,2007-06-30
835,4,6,11,11.21697649061507,1.0137117776863223,2007-06-30
836,4,7,16,11.200474642990791,1.1373399344709783,2007-06-30
837,4,8,17,11.201893308143472,1.2779467559469992,2007-06-30
838,4,9,13,11.186629438708344,1.4300163882192725,2007-06-30
839,4,10,29,11.234057592612187,2.0940526236419417,2007-06-30
840,5,1,9,11.555836998749552,0.11306189110609544,2007-06-30
841,5,2,9,11.514311337980693,0.5898602875708097,2007-06-30
842,5,3,6,11.528159372206451,0.7384621630872726,2007-06-30
843,5,4,8,11.505633726226842,0.8381199046099945,2007-06-30
844,5,5,12,11.527263782534733,0.9368853224575452,2007-06-30
845,5,6,10,11.561613374343851,1.0732836043091267,2007-06-30
846,5,7,12,11.497004307881104,1.184715835150359,2007-06-30
847,5,8,15,11.48844740683799,1.3187156071616615,2007-06-30
848,5,9,8,11.517001061886832,1.447117906256892,2007-06-30
849,5,10,36,11.54110611015427,2.0104878198193035,2007-06-30
850,6,1,13,11.882094904337094,0.19434258721815778,2007-06-30
851,6,2,7,11.851259290727317,0.5276023583755626,2007-06-30
852,6,3,11,11.805476588168434,0.6693118791008839,2007-06-30
853,6,4,8,11.806268731113546,0.8316058806113318,2007-06-30
854,6,5,7,11.876363144819887,0.9159481054887161,2007-06-30
855,6,6,13,11.854329163782792,0.976448719891432,2007-06-30
856,6,7,12,11.888583005819294,1.1000093388632866,2007-06-30
857,6,8,12,11.923137827520806,1.2517142041467335,2007-06-30
858,6,9,14,11.83286134862533,1.4239195969009437,2007-06-30
859,6,10,24,11.886320594500978,2.123117410556643,2007-06-30
860,7,1,11,12.340239797856379,0.38259692582340854,2007-06-30
861,7,2,7,12.283545490915346,0.7264954289400772,2007-06-30
862,7,3,10,12.361407479070177,0.8202864588004909,2007-06-30
863,7,4,8,12.23607404969622,0.9558690827473993,2007-06-30
864,7,5,10,12.284406590803707,1.1120460103564045,2007-06-30
865,7,6,8,12.310398548436126,1.1976000501548352,2007-06-30
866,7,7,12,12.229685544139075,1.29609297799773,2007-06-30
867,7,8,7,12.318705032645662,1.4379306841965271,2007-06-30
868,7,9,7,12.354636993389963,1.555487716526208,2007-06-30
869,7,10,14,12.24984848120708,2.1925188601552166,2007-06-30
870,8,1,7,12.954795293434486,0.28374028263760404,2007-06-30
871,8,2,6,12.93911326598881,0.4920273784457272,2007-06-30
872,8,3,6,13.021179169429205,0.5949503382265158,2007-06-30
873,8,4,8,12.816213557847679,0.7813405127799631,2007-06-30
874,8,5,8,12.876924860749941,0.9459871555734547,2007-06-30
875,8,6,6,12.834715425707039,1.0531340635439375,2007-06-30
876,8,7,10,12.912678266658165,1.1380893972762016,2007-06-30
877,8,8,10,12.940142356675517,1.2882963617018064,2007-06-30
878,8,9,13,12.98098996235821,1.4844886816826166,2007-06-30
879,8,10,14,12.985010510057169,1.9742643246154719,2007-06-30
880,9,1,7,14.027142877328787,0.4018635930355599,2007-06-30
881,9,2,8,13.789511309677273,0.7418743487221487,2007-06-30
882,9,3,6,13.799331866810945,0.8833379781229365,2007-06-30
883,9,4,5,13.672501630452501,0.9687484218364997,2007-06-30
884,9,5,7,13.953396415671547,1.052797689051921,2007-06-30
885,9,6,6,13.911196085551806,1.1631735474182128,2007-06-30
886,9,7,6,14.088208481900013,1.253647698314851,2007-06-30
887,9,8,7,13.953162956909747,1.3561939326646317,2007-06-30
888,9,9,7,14.022250434747901,1.4547978187165678,2007-06-30
889,9,10,9,13.866406858317399,1.858319958343209,2007-06-30
890,10,1,8,15.735150672050654,0.1986168047577929,2007-06-30
891,10,2,6,15.712692316980439,0.5541363782869817,2007-06-30
892,10,3,7,15.40056843219456,0.7241482956571336,2007-06-30
893,10,4,6,15.418309666608303,0.8919148981898292,2007-06-30
894,10,5,6,16.05957733510967,1.0156263219212247,2007-06-30
895,10,6,5,15.096451576167851,1.101035945996768,2007-06-30
896,10,7,6,15.924716635829293,1.2065584497704442,2007-06-30
897,10,8,6,15.635872387044905,1.3369363001872723,2007-06-30
898,10,9,6,15.210353115032037,1.4925031680256928,2007-06-30
899,10,10,6,15.453295331142748,1.8421413170451613,2007-06-30
900,1,1,24,9.68424648694006,-0.6014676198056251,2008-06-30
901,1,2,25,9.70938773702175,0.04641607933577936,2008-06-30
902,1,3,26,9.708326107780755,0.3196459945821855,2008-06-30
903,1,4,30,9.746002028249869,0.49402838451182457,2008-06-30
904,1,5,28,9.663670386942469,0.6355575117872144,2008-06-30
905,1,6,24,9.608090079227113,0.7303947799206747,2008-06-30
906,1,7,29,9.734927592099584,0.8369428787914553,2008-06-30
907,1,8,59,9.774084174109245,1.016090356326977,2008-06-30
908,1,9,53,9.79709364960329,1.3692161088179138,2008-06-30
909,1,10,44,9.72995136709023,2.190638085575251,2008-06-30
910,2,1,19,10.392691633077904,-0.7961880744781391,2008-06-30
911,2,2,38,10.37487372109664,0.2951405253872259,2008-06-30
912,2,3,10,10.45950974936544,0.5242313770546311,2008-06-30
913,2,4,15,10.358596518044314,0.6127958788042368,2008-06-30
914,2,5,31,10.374626850516288,0.7590163564728394,2008-06-30
915,2,6,17,10.428000562958644,0.8934778760019848,2008-06-30
916,2,7,17,10.341464779347353,1.0024328251355195,2008-06-30
917,2,8,16,10.388249524532073,1.115290833494163,2008-06-30
918,2,9,35,10.396209507646535,1.3641790180285485,2008-06-30
919,2,10,44,10.421389121724937,2.040809455705086,2008-06-30
920,3,1,29,10.810017477516618,-0.3993042790245507,2008-06-30
921,3,2,12,10.782107003525214,0.35097766862101537,2008-06-30
922,3,3,19,10.775472917865152,0.5659928659169106,2008-06-30
923,3,4,17,10.765348732558516,0.770192582322572,2008-06-30
924,3,5,17,10.766489876321224,0.9126088736129361,2008-06-30
925,3,6,14,10.819235890162195,1.0270826363856727,2008-06-30
926,3,7,19,10.823017017341256,1.167684458359257,2008-06-30
927,3,8,20,10.820308899811813,1.3317658324814254,2008-06-30
928,3,9,11,10.764976038720375,1.4928349405454773,2008-06-30
929,3,10,31,10.792223409761208,2.0824014926385055,2008-06-30
930,4,1,19,11.109200641387469,-0.2440126855837997,2008-06-30
931,4,2,11,11.103285103679879,0.3955750357472546,2008-06-30
932,4,3,16,11.12914547367566,0.7015417127870567,2008-06-30
933,4,4,9,11.082254529087614,0.8850772899421945,2008-06-30
934,4,5,10,11.108700469942447,0.9780723873505426,2008-06-30
935,4,6,11,11.090047560187246,1.0366936257763988,2008-06-30
936,4,7,8,11.118414794580495,1.1284059074369808,2008-06-30
937,4,8,14,11.122460032091722,1.2473607726722609,2008-06-30
938,4,9,11,11.117891264586694,1.4397001848364672,2008-06-30
939,4,10,29,11.124937161161087,2.214950995068864,2008-06-30
940,5,1,18,11.40997824157222,-0.2641461106298147,2008-06-30
941,5,2,10,11.436847390725363,0.5939463279078574,2008-06-30
942,5,3,7,11.393731228189782,0.6803221054273355,2008-06-30
943,5,4,11,11.435328221200274,0.7619271185141892,2008-06-30
944,5,5,15,11.387999885230945,0.8864827388649573,2008-06-30
945,5,6,14,11.41846917484881,1.0640671382425126,2008-06-30
946,5,7,9,11.457894851719253,1.174282923921766,2008-06-30
947,5,8,12,11.421183690477852,1.276517058977502,2008-06-30
948,5,9,10,11.439129339860743,1.4628127785415823,2008-06-30
949,5,10,18,11.415325450844003,1.9410775757535674,2008-06-30
950,6,1,11,11.748321230878467,-0.11902756757057231,2008-06-30
951,6,2,8,11.727310233672949,0.41338644273730935,2008-06-30
952,6,3,11,11.846931332970392,0.5874593513270997,2008-06-30
953,6,4,11,11.826380134396464,0.7553540372494424,2008-06-30
954,6,5,11,11.78944367263245,0.8599766230124982,2008-06-30
955,6,6,11,11.751776044649949,0.9750497056221331,2008-06-30
956,6,7,8,11.791212271962529,1.0800455905467141,2008-06-30
957,6,8,9,11.822427971200366,1.2005062259910888,2008-06-30
958,6,9,14,11.822129343118302,1.375451396053893,2008-06-30
959,6,10,20,11.817171626112719,1.8085759742341447,2008-06-30
960,7,1,9,12.269703644706343,0.08317183694706501,2008-06-30
961,7,2,9,12.256666103139473,0.6091423580403155,2008-06-30
962,7,3,6,12.212927964592756,0.7264776417999941,2008-06-30
963,7,4,7,12.232840121118471,0.8143127879664893,2008-06-30
964,7,5,9,12.194670570777776,0.9132178045799717,2008-06-30
965,7,6,13,12.275386123688508,1.0339526132711097,2008-06-30
966,7,7,6,12.3636681027667,1.166147337782698,2008-06-30
967,7,8,7,12.264794092621582,1.2660664188152893,2008-06-30
968,7,9,10,12.237231411305762,1.4409782865840906,2008-06-30
969,7,10,15,12.265216454570623,2.062322363830806,2008-06-30
970,8,1,10,12.710584501238777,0.011478892669275828,2008-06-30
971,8,2,9,12.7733481433688,0.6179920021294363,2008-06-30
972,8,3,5,13.052616857378075,0.7913643972334099,2008-06-30
973,8,4,10,12.869735770292817,0.9527956301645771,2008-06-30
974,8,5,7,12.902692508241982,1.059536579290645,2008-06-30
975,8,6,7,12.935794812106268,1.2290835506409805,2008-06-30
976,8,7,9,12.86129300395556,1.3910327338506483,2008-06-30
977,8,8,5,12.947380840658557,1.5679198858201249,2008-06-30
978,8,9,7,12.9323473674999,1.7411390281445713,2008-06-30
979,8,10,9,12.876740197505676,2.2826792535033755,2008-06-30
980,9,1,8,14.066978756774677,0.3050586039350378,2008-06-30
981,9,2,7,13.835120521007424,0.5663037588687553,2008-06-30
982,9,3,7,13.925078867619007,0.7103412739695681,2008-06-30
983,9,4,7,13.763307127049396,0.8144366795948426,2008-06-30
984,9,5,7,13.873175168420419,0.9724316847623208,2008-06-30
985,9,6,7,13.854386963032297,1.1945153500926575,2008-06-30
986,9,7,7,13.832205040748676,1.3696247506424175,2008-06-30
987,9,8,8,13.845338420441168,1.5956098928976323,2008-06-30
988,9,9,7,13.664587209295778,1.7614614253527046,2008-06-30
989,9,10,10,13.753414264053395,2.2063112756876255,2008-06-30
990,10,1,7,15.719984184093814,0.07025640372221147,2008-06-30
991,10,2,6,15.860926050255935,0.5733052989652977,2008-06-30
992,10,3,6,15.957673380697143,0.748801591207814,2008-06-30
993,10,4,7,15.713188441266968,0.9166341825529221,2008-06-30
994,10,5,6,16.025268697607327,1.0732318674539651,2008-06-30
995,10,6,6,15.655558403346213,1.2125069594952953,2008-06-30
996,10,7,6,15.063465438605128,1.2604871872164718,2008-06-30
997,10,8,6,15.014530020924616,1.4102940601279623,2008-06-30
998,10,9,6,15.509617024161477,1.5827675856605357,2008-06-30
999,10,10,6,15.450488851648103,2.0454084328875286,2008-06-30
1000,1,1,30,9.52371169981804,0.3610249152969063,2009-06-30
1001,1,2,29,9.38236413649541,0.6859501417399501,2009-06-30
1002,1,3,20,9.426674261680578,0.813355539993095,2009-06-30
1003,1,4,31,9.465298755810268,0.9145359928032062,2009-06-30
1004,1,5,46,9.40254957803832,1.0406878459076503,2009-06-30
1005,1,6,15,9.422630459893977,1.1431563470601172,2009-06-30
1006,1,7,40,9.511727873396515,1.2393281163365428,2009-06-30
1007,1,8,43,9.475501354526902,1.3791722059942577,2009-06-30
1008,1,9,32,9.239411870368944,1.5430479609533874,2009-06-30
1009,1,10,47,9.217621589065372,2.0160244769906215,2009-06-30
1010,2,1,23,10.198232318706639,0.20225290528233675,2009-06-30
1011,2,2,26,10.190272751321913,0.7373380099727744,2009-06-30
1012,2,3,13,10.200933013057737,0.8605097311162813,2009-06-30
1013,2,4,16,10.203080041789324,0.93561051023791,2009-06-30
1014,2,5,22,10.269949732659702,1.0688789760338666,2009-06-30
1015,2,6,17,10.237743752798618,1.161334171947081,2009-06-30
1016,2,7,29,10.202343149394643,1.2931323382755744,2009-06-30
1017,2,8,18,10.195819363373477,1.4793721536335276,2009-06-30
1018,2,9,14,10.221806733933999,1.6248429496716097,2009-06-30
1019,2,10,37,10.221803260197303,2.1135512391479367,2009-06-30
1020,3,1,25,10.586113420204038,0.42791883817962395,2009-06-30
1021,3,2,13,10.606049880720347,0.8097606303035115,2009-06-30
1022,3,3,15,10.559826724537212,0.9315340294874908,2009-06-30
1023,3,4,15,10.612538533326903,1.0551620605199576,2009-06-30
1024,3,5,12,10.548369635394282,1.172175234125593,2009-06-30
1025,3,6,13,10.58670010304154,1.2622060727668676,2009-06-30
1026,3,7,16,10.599470890582516,1.3645454978082048,2009-06-30
1027,3,8,12,10.56719031648265,1.5364556242168936,2009-06-30
1028,3,9,23,10.58326040468351,1.7703111017232114,2009-06-30
1029,3,10,16,10.522672706891663,2.4284028108140068,2009-06-30
1030,4,1,22,10.957000900565076,0.3791617513238171,2009-06-30
1031,4,2,17,10.929420921258867,0.7832249452011679,2009-06-30
1032,4,3,15,10.874722682797396,0.9552615261229108,2009-06-30
1033,4,4,16,10.978705560414738,1.0586024761347617,2009-06-30
1034,4,5,18,10.91400727545172,1.1647544351493362,2009-06-30
1035,4,6,19,10.900730382331286,1.2826888672665575,2009-06-30
1036,4,7,18,10.933512747560298,1.3551340634642144,2009-06-30
1037,4,8,11,10.947733975251053,1.4574754809625787,2009-06-30
1038,4,9,10,10.933965680315861,1.5606171665563324,2009-06-30
1039,4,10,28,10.93118119406857,2.022870555140682,2009-06-30
1040,5,1,16,11.317444363200984,0.22048162831748344,2009-06-30
1041,5,2,12,11.293809607930946,0.6619984515821792,2009-06-30
1042,5,3,8,11.257865781454722,0.8033415235852372,2009-06-30
1043,5,4,14,11.331862188753734,0.9125809546940857,2009-06-30
1044,5,5,13,11.248142202959325,1.1249493066638285,2009-06-30
1045,5,6,10,11.245676191924991,1.2200477642755678,2009-06-30
1046,5,7,11,11.313603811890376,1.266030805115551,2009-06-30
1047,5,8,18,11.272674324586877,1.3867819394769345,2009-06-30
1048,5,9,15,11.310665082170448,1.5887351504393288,2009-06-30
1049,5,10,22,11.320511178040595,2.1441288055007117,2009-06-30
1050,6,1,19,11.670118050261973,0.32145850868215675,2009-06-30
1051,6,2,7,11.62866780861997,0.7286623160881438,2009-06-30
1052,6,3,12,11.627433103605824,0.8814464196328462,2009-06-30
1053,6,4,12,11.650435334513274,1.0411323682737461,2009-06-30
1054,6,5,9,11.630623022597469,1.1576829222409568,2009-06-30
1055,6,6,6,11.632811259607793,1.2231290013822074,2009-06-30
1056,6,7,10,11.648645564423408,1.2815327248759767,2009-06-30
1057,6,8,15,11.666700514309651,1.3937285271472009,2009-06-30
1058,6,9,20,11.655258838401597,1.5948292994186875,2009-06-30
1059,6,10,20,11.633219471906093,2.1882384727462503,2009-06-30
1060,7,1,9,12.085467618621292,0.303029245921467,2009-06-30
1061,7,2,10,12.113444551739235,0.5770749435680644,2009-06-30
1062,7,3,11,12.050992564180264,0.7416175757543148,2009-06-30
1063,7,4,8,12.145478453700791,0.8529931634119543,2009-06-30
1064,7,5,9,12.094333563173866,0.9597996873081868,2009-06-30
1065,7,6,6,12.10210854654069,1.115083297888648,2009-06-30
1066,7,7,10,12.096768160392049,1.2519091404914255,2009-06-30
1067,7,8,15,12.100910794210215,1.4190259601211208,2009-06-30
1068,7,9,10,12.07111845207459,1.728662295887307,2009-06-30
1069,7,10,14,12.11829464501117,2.1217255748771477,2009-06-30
1070,8,1,10,12.68549459303119,0.3162154301635611,2009-06-30
1071,8,2,6,12.82848368605976,0.7308171263512979,2009-06-30
1072,8,3,12,12.597492145736851,0.8653689053607079,2009-06-30
1073,8,4,7,12.684361661567873,0.9756863713830263,2009-06-30
1074,8,5,6,12.584163183985405,1.0509552464075893,2009-06-30
1075,8,6,13,12.783959067020136,1.1455875378156624,2009-06-30
1076,8,7,6,12.724134089335612,1.3460978011297844,2009-06-30
1077,8,8,11,12.763101001806886,1.5370089015223753,2009-06-30
1078,8,9,10,12.794564566311251,1.8965593419137634,2009-06-30
1079,8,10,8,12.598460846939146,2.3672957609229934,2009-06-30
1080,9,1,6,13.853424438175947,0.36377875265710874,2009-06-30
1081,9,2,7,13.62164348387959,0.5830936731494306,2009-06-30
1082,9,3,5,13.73930143179779,0.7234981830333337,2009-06-30
1083,9,4,6,13.755783957613952,0.8102705583282637,2009-06-30
1084,9,5,6,13.724133086230006,0.9335784240907969,2009-06-30
1085,9,6,7,13.551342303482135,1.127449274880367,2009-06-30
1086,9,7,9,13.870377286151205,1.323023528406023,2009-06-30
1087,9,8,5,13.726212373505916,1.5143617929898783,2009-06-30
1088,9,9,8,13.376152351598764,1.727974482357925,2009-06-30
1089,9,10,7,13.559100298384783,2.3847283968237716,2009-06-30
1090,10,1,7,15.418756375271416,0.2789829009195689,2009-06-30
1091,10,2,6,15.423196640732565,0.5634530376603718,2009-06-30
1092,10,3,6,15.853066791380256,0.7394342669881785,2009-06-30
1093,10,4,6,15.492597036350432,0.8621783106104375,2009-06-30
1094,10,5,7,15.192043318699087,0.9735831301577039,2009-06-30
1095,10,6,6,15.841269727747468,1.0979440382494856,2009-06-30
1096,10,7,6,15.09695004197286,1.2083542446259325,2009-06-30
1097,10,8,6,15.571657993018412,1.3503864922021709,2009-06-30
1098,10,9,6,15.176281461634737,1.5159140208128774,2009-06-30
1099,10,10,7,15.034576960416258,1.8234786012025943,2009-06-30
1100,1,1,35,9.513909613713587,-0.08519343737540293,2010-06-30
1101,1,2,13,9.704910549028119,0.5120956204581604,2010-06-30
1102,1,3,47,9.49684763502621,0.6990804890760558,2010-06-30
1103,1,4,19,9.732247339950737,0.8575031581108612,2010-06-30
1104,1,5,38,9.668708053508622,0.9712938634960577,2010-06-30
1105,1,6,25,9.713613709581297,1.1078184029910307,2010-06-30
1106,1,7,37,9.68970021808974,1.2359054110278704,2010-06-30
1107,1,8,29,9.420384999205677,1.3830439726422965,2010-06-30
1108,1,9,33,9.509021731652439,1.5814062442864951,2010-06-30
1109,1,10,34,9.463209021520425,2.205909478274592,2010-06-30
1110,2,1,33,10.319420695453934,0.3491429147994722,2010-06-30
1111,2,2,21,10.334171645807341,0.7449342511449426,2010-06-30
1112,2,3,14,10.388098619573212,0.851329143553379,2010-06-30
1113,2,4,21,10.326271887515501,0.9404128945238339,2010-06-30
1114,2,5,22,10.346886049602993,1.031430937205749,2010-06-30
1115,2,6,20,10.323320971665776,1.1453244862527476,2010-06-30
1116,2,7,16,10.323833600860176,1.2482672898458627,2010-06-30
1117,2,8,12,10.338066210310492,1.3263237222333435,2010-06-30
1118,2,9,27,10.392801056796205,1.466221687559644,2010-06-30
1119,2,10,32,10.349382921550795,1.9711960540499227,2010-06-30
1120,3,1,19,10.739781447622438,0.3760611906074386,2010-06-30
1121,3,2,10,10.710476203909387,0.7034040166060465,2010-06-30
1122,3,3,19,10.76559017898058,0.8498959444702269,2010-06-30
1123,3,4,20,10.736377837763998,0.992437025307049,2010-06-30
1124,3,5,14,10.714215279842332,1.1328063974403595,2010-06-30
1125,3,6,15,10.749232217711937,1.224237174182685,2010-06-30
1126,3,7,19,10.78225005848814,1.319081500893453,2010-06-30
1127,3,8,18,10.760354789303028,1.4929799903903695,2010-06-30
1128,3,9,20,10.755520326134723,1.7121850355877997,2010-06-30
1129,3,10,22,10.752782247854256,2.1954680172394454,2010-06-30
1130,4,1,17,11.09839431685303,0.17724156476116304,2010-06-30
1131,4,2,10,11.101888348087655,0.6209454833623409,2010-06-30
1132,4,3,15,11.078381252370551,0.8432540492860784,2010-06-30
1133,4,4,8,11.04143735383655,0.9912203375524887,2010-06-30
1134,4,5,11,11.04678856789795,1.048022914527449,2010-06-30
1135,4,6,11,11.071010616843138,1.1002368134206282,2010-06-30
1136,4,7,12,11.069391209393174,1.1857977913782072,2010-06-30
1137,4,8,18,11.090873161537505,1.3346117878010952,2010-06-30
1138,4,9,18,11.070827068140433,1.5676691624622128,2010-06-30
1139,4,10,21,11.08749484823683,1.9270920776812983,2010-06-30
1140,5,1,13,11.411688560203572,0.27750567577951113,2010-06-30
1141,5,2,15,11.363061017552202,0.6521231501079957,2010-06-30
1142,5,3,20,11.396901124987961,0.8286196267206514,2010-06-30
1143,5,4,8,11.365644368694522,0.949749176394824,2010-06-30
1144,5,5,23,11.395869110161573,1.0656553888412013,2010-06-30
1145,5,6,11,11.36285596411436,1.1542086250602819,2010-06-30
1146,5,7,8,11.399886872414799,1.2447446686352084,2010-06-30
1147,5,8,23,11.391767749185496,1.3616837359644207,2010-06-30
1148,5,9,13,11.367507597935502,1.566837645825326,2010-06-30
1149,5,10,23,11.37731947895541,2.0590039332570305,2010-06-30
1150,6,1,13,11.793130895127966,0.04097910446569826,2010-06-30
1151,6,2,15,11.774577711976526,0.35676151750314217,2010-06-30
1152,6,3,14,11.83141160445986,0.5473953604843244,2010-06-30
1153,6,4,13,11.825434990729661,0.7410781635744961,2010-06-30
1154,6,5,10,11.822471611928055,0.8708303531536664,2010-06-30
1155,6,6,15,11.785390325729457,1.0369273130353431,2010-06-30
1156,6,7,18,11.785047397283433,1.264055269482697,2010-06-30
1157,6,8,13,11.816007103156299,1.4602029979345266,2010-06-30
1158,6,9,9,11.740335457352899,1.5906521414140151,2010-06-30
1159,6,10,24,11.78212770740942,2.0748186141836134,2010-06-30
1160,7,1,14,12.247422732197021,0.317629697637742,2010-06-30
1161,7,2,7,12.287523610050727,0.6505453058025787,2010-06-30
1162,7,3,9,12.212459709147225,0.7865232689540333,2010-06-30
1163,7,4,6,12.212843492850324,0.8661914304188761,2010-06-30
1164,7,5,13,12.28609576194062,0.9694926284426898,2010-06-30
1165,7,6,8,12.26853011391525,1.0870272506731413,2010-06-30
1166,7,7,13,12.24176872692178,1.2110232097325055,2010-06-30
1167,7,8,16,12.25439837557581,1.420150360348313,2010-06-30
1168,7,9,11,12.264986839143297,1.6995259443771744,2010-06-30
1169,7,10,10,12.266295302857854,2.094978530985017,2010-06-30
1170,8,1,9,12.85085477951973,0.17780768903833385,2010-06-30
1171,8,2,7,12.880254579886536,0.5201665275985322,2010-06-30
1172,8,3,7,12.845777534495028,0.7446704039697662,2010-06-30
1173,8,4,7,12.890832220120881,0.8190432647563538,2010-06-30
1174,8,5,10,12.815970244813721,0.9166596099847026,2010-06-30
1175,8,6,11,12.76688807492795,1.067544378252232,2010-06-30
1176,8,7,9,12.703610957840839,1.2638435866103566,2010-06-30
1177,8,8,13,12.757304293577475,1.453863478302589,2010-06-30
1178,8,9,8,12.983128120989765,1.7687660585343021,2010-06-30
1179,8,10,9,12.843362432270172,2.1660775716383727,2010-06-30
1180,9,1,6,14.077903608067603,0.20205452444113595,2010-06-30
1181,9,2,6,13.82643430997697,0.4360338928159797,2010-06-30
1182,9,3,6,13.840921369850646,0.6013927200564495,2010-06-30
1183,9,4,7,13.805284334514742,0.7283382965648936,2010-06-30
1184,9,5,9,14.075987756547148,0.907721187730581,2010-06-30
1185,9,6,7,13.761083421533641,1.1176206219480385,2010-06-30
1186,9,7,8,13.97987422000829,1.3361675144684326,2010-06-30
1187,9,8,6,13.81627079063768,1.5155004039746258,2010-06-30
1188,9,9,7,13.70122902288306,1.72324180847218,2010-06-30
1189,9,10,7,13.765002854589808,2.2651548437767266,2010-06-30
1190,10,1,7,15.613984511603434,0.23349002500870214,2010-06-30
1191,10,2,6,15.597832425774667,0.5826610971290429,2010-06-30
1192,10,3,6,15.755026482142812,0.7161856614420598,2010-06-30
1193,10,4,6,15.75581233332691,0.856078402665757,2010-06-30
1194,10,5,6,15.64535522236207,0.9773479474880548,2010-06-30
1195,10,6,6,15.814163563114526,1.1177250859158463,2010-06-30
1196,10,7,6,15.797728208963,1.2398593145120211,2010-06-30
1197,10,8,6,15.917807238688901,1.3411351962077596,2010-06-30
1198,10,9,7,15.32812264698724,1.4507859245495394,2010-06-30
1199,10,10,6,15.562880839255437,1.811912600825898,2010-06-30
1200,1,1,23,9.670835975340902,-0.28558275936337496,2011-06-30
1201,1,2,29,9.583667161039978,0.35968996072624937,2011-06-30
1202,1,3,32,9.567790799805703,0.5904750482130194,2011-06-30
1203,1,4,22,9.697551924614881,0.7345987103087118,2011-06-30
1204,1,5,22,9.611241228022006,0.8545442524646066,2011-06-30
1205,1,6,33,9.629918106277735,0.9487784492779362,2011-06-30
1206,1,7,49,9.774337027766668,1.1390114951781485,2011-06-30
1207,1,8,25,9.594051061483754,1.311497643298181,2011-06-30
1208,1,9,24,9.652109152839461,1.4505323830016073,2011-06-30
1209,1,10,37,9.560048588005312,2.0264724770953926,2011-06-30
1210,2,1,29,10.397231782673567,0.31163347226351007,2011-06-30
1211,2,2,20,10.374973109246366,0.6929163308344137,2011-06-30
1212,2,3,14,10.426370252134873,0.7915235430927385,2011-06-30
1213,2,4,21,10.427808388502225,0.8728110603849566,2011-06-30
1214,2,5,25,10.417439870669632,0.9803452870536147,2011-06-30
1215,2,6,11,10.439787681609467,1.0686376365649723,2011-06-30
1216,2,7,21,10.350193736413306,1.125951838113494,2011-06-30
1217,2,8,16,10.400955715778215,1.2141554777858614,2011-06-30
1218,2,9,16,10.402770958747414,1.312795130794486,2011-06-30
1219,2,10,69,10.403561264335625,1.8465293722171963,2011-06-30
1220,3,1,26,10.822913144720086,0.36925768890631416,2011-06-30
1221,3,2,19,10.820836693710662,0.6852947498301113,2011-06-30
1222,3,3,21,10.840253451187676,0.8607908368693626,2011-06-30
1223,3,4,20,10.810999997832866,0.984866666184914,2011-06-30
1224,3,5,27,10.806369971633742,1.096314527139529,2011-06-30
1225,3,6,14,10.828216739401723,1.2097373383809262,2011-06-30
1226,3,7,21,10.799234157475794,1.3141088764403575,2011-06-30
1227,3,8,20,10.830196332907603,1.4708661061874404,2011-06-30
1228,3,9,14,10.77504713285857,1.663581058630131,2011-06-30
1229,3,10,26,10.827198544863073,2.0882036923688605,2011-06-30
1230,4,1,12,11.12798776220835,-0.100847677930246,2011-06-30
1231,4,2,10,11.220988225870808,0.3701376637371942,2011-06-30
1232,4,3,14,11.158811461668495,0.6031939666705156,2011-06-30
1233,4,4,29,11.185488244096131,0.8800878652179387,2011-06-30
1234,4,5,13,11.160398928363215,1.02833791580688,2011-06-30
1235,4,6,14,11.139635982811898,1.142876416270265,2011-06-30
1236,4,7,20,11.1877457532316,1.2914928374783927,2011-06-30
1237,4,8,12,11.184912666504223,1.5200349040769312,2011-06-30
1238,4,9,12,11.170108719253335,1.7392457234417638,2011-06-30
1239,4,10,20,11.176641163442486,2.144377713886457,2011-06-30
1240,5,1,30,11.566618704109557,0.4086003094970534,2011-06-30
1241,5,2,12,11.640835232817237,0.8325945571733322,2011-06-30
1242,5,3,9,11.544907552719904,0.9210212798464279,2011-06-30
1243,5,4,9,11.524108498689348,0.9934481291991413,2011-06-30
1244,5,5,8,11.505318236318983,1.090498935235614,2011-06-30
1245,5,6,11,11.575736383035371,1.168351080323285,2011-06-30
1246,5,7,10,11.608024251411262,1.2470551883718988,2011-06-30
1247,5,8,14,11.528359567213277,1.3508972232879908,2011-06-30
1248,5,9,19,11.504641018853137,1.56250810684702,2011-06-30
1249,5,10,14,11.575864943914455,1.9945683766763853,2011-06-30
1250,6,1,13,11.985820286510178,0.016244768005566623,2011-06-30
1251,6,2,11,12.020504362438807,0.5614526834942173,2011-06-30
1252,6,3,9,11.954463877263318,0.7348812975237594,2011-06-30
1253,6,4,10,11.910466837657724,0.8529244987291401,2011-06-30
1254,6,5,12,11.915378154197546,1.032882254646655,2011-06-30
1255,6,6,9,11.999830328667265,1.1329788315801503,2011-06-30
1256,6,7,11,11.97788593051256,1.2066387841748385,2011-06-30
1257,6,8,19,11.92299762169463,1.3894010440511917,2011-06-30
1258,6,9,12,12.003583473196414,1.6668502633598046,2011-06-30
1259,6,10,17,11.95166925642545,2.312997278928363,2011-06-30
1260,7,1,10,12.434588054111781,0.10584914923507951,2011-06-30
1261,7,2,8,12.40631792690402,0.5280223377466172,2011-06-30
1262,7,3,9,12.469884546539294,0.7260768347531845,2011-06-30
1263,7,4,10,12.411709077142175,0.8238198700630479,2011-06-30
1264,7,5,15,12.481638069650858,0.9732845061740469,2011-06-30
1265,7,6,6,12.41784568943894,1.123695110746487,2011-06-30
1266,7,7,11,12.37940254893125,1.2929901977126521,2011-06-30
1267,7,8,14,12.41809869393163,1.5222454142894026,2011-06-30
1268,7,9,8,12.409483870628653,1.688470513088184,2011-06-30
1269,7,10,11,12.43389790865394,2.0019547034418257,2011-06-30
1270,8,1,10,13.102220709624756,0.12391228721558312,2011-06-30
1271,8,2,6,13.272395434486134,0.5613941926782261,2011-06-30
1272,8,3,6,13.098873456252507,0.7439589302159376,2011-06-30
1273,8,4,7,13.06877920955632,0.8584387073370282,2011-06-30
1274,8,5,8,13.020544943627122,0.9864812039168767,2011-06-30
1275,8,6,8,12.943781640504056,1.141765703644833,2011-06-30
1276,8,7,10,13.01198992551961,1.2917259898424232,2011-06-30
1277,8,8,12,13.018466626612407,1.4649949383446697,2011-06-30
1278,8,9,8,13.05523167553599,1.6856093996508363,2011-06-30
1279,8,10,10,13.123098523292203,2.149381130119145,2011-06-30
1280,9,1,6,14.277014151339566,0.07760813675004778,2011-06-30
1281,9,2,8,13.959255627535512,0.4375700679988249,2011-06-30
1282,9,3,7,14.09508715188637,0.6429641330883396,2011-06-30
1283,9,4,6,14.2826517726388,0.7540846674160807,2011-06-30
1284,9,5,6,14.440186483168747,0.9159938795680382,2011-06-30
1285,9,6,7,14.008151434887228,1.1552283575230784,2011-06-30
1286,9,7,8,14.391358654574672,1.2765745845697622,2011-06-30
1287,9,8,6,14.326143245179422,1.4609111262924686,2011-06-30
1288,9,9,6,13.977582198744074,1.7578097705870785,2011-06-30
1289,9,10,6,13.87156579236722,2.29799965181076,2011-06-30
1290,10,1,7,15.836701708084139,0.261269400022349,2011-06-30
1291,10,2,6,15.954818407882682,0.5792005996488913,2011-06-30
1292,10,3,6,15.930924637253549,0.7354508334314683,2011-06-30
1293,10,4,7,15.727518124441518,0.8984176321380055,2011-06-30
1294,10,5,7,15.505660471024175,1.0822814596905617,2011-06-30
1295,10,6,6,16.04768490437863,1.2125750144601641,2011-06-30
1296,10,7,6,16.465393998918845,1.3514641331038952,2011-06-30
1297,10,8,6,16.08876077304973,1.449334230662502,2011-06-30
1298,10,9,6,16.11445646368671,1.5979303054550156,2011-06-30
1299,10,10,7,15.681005835182797,1.8402287653928247,2011-06-30
1300,1,1,27,9.813142790539748,-0.07130747492029764,2012-06-30
1301,1,2,28,9.829779753044216,0.5104150025061582,2012-06-30
1302,1,3,18,9.785811869332642,0.6810389517020404,2012-06-30
1303,1,4,30,9.910483812885126,0.7907990450313691,2012-06-30
1304,1,5,31,9.852179206919663,0.9422333532039926,2012-06-30
1305,1,6,30,9.718422807920463,1.0607726869646261,2012-06-30
1306,1,7,29,9.87695446589876,1.181689939381379,2012-06-30
1307,1,8,21,9.844993700034541,1.2933016583862058,2012-06-30
1308,1,9,39,9.908191638407688,1.4875673355650691,2012-06-30
1309,1,10,32,9.902830676742562,2.061778066455505,2012-06-30
1310,2,1,36,10.507721482734393,0.18121305980807498,2012-06-30
1311,2,2,12,10.481857847718121,0.6410687870826268,2012-06-30
1312,2,3,13,10.534816334687063,0.7367502805761558,2012-06-30
1313,2,4,23,10.459823826264289,0.8515247374173308,2012-06-30
1314,2,5,28,10.506290724140664,1.001214545331148,2012-06-30
1315,2,6,21,10.50701123815842,1.139980194610147,2012-06-30
1316,2,7,12,10.552257617918533,1.223944795729938,2012-06-30
1317,2,8,23,10.523668690133604,1.3364441098360946,2012-06-30
1318,2,9,22,10.520904604867903,1.557617275334357,2012-06-30
1319,2,10,36,10.491119315896793,2.0630031535212643,2012-06-30
1320,3,1,15,10.884965043822396,0.20341011871902667,2012-06-30
1321,3,2,23,10.830284089761845,0.612885947090223,2012-06-30
1322,3,3,17,10.886180752626224,0.8535786361607159,2012-06-30
1323,3,4,21,10.857741279142592,0.9629488236822713,2012-06-30
1324,3,5,23,10.865069632831984,1.0923838520600864,2012-06-30
1325,3,6,18,10.863306508381534,1.2118788212270386,2012-06-30
1326,3,7,26,10.883539125391293,1.3535555351830242,2012-06-30
1327,3,8,24,10.853892369346378,1.578229643784448,2012-06-30
1328,3,9,7,10.849687994991907,1.7488805654871722,2012-06-30
1329,3,10,25,10.877742832309641,2.219808782807956,2012-06-30
1330,4,1,19,11.230349256067848,0.2801035519671704,2012-06-30
1331,4,2,18,11.219848276495286,0.6364818330957779,2012-06-30
1332,4,3,10,11.219654816449538,0.768134125543659,2012-06-30
1333,4,4,17,11.251655461006202,0.8570324756900458,2012-06-30
1334,4,5,26,11.204371710801134,1.0141913458002532,2012-06-30
1335,4,6,12,11.21547168568304,1.1255132510402033,2012-06-30
1336,4,7,15,11.193929658109528,1.2086658972256454,2012-06-30
1337,4,8,9,11.19456210482537,1.291047623760294,2012-06-30
1338,4,9,16,11.238472420198374,1.445211040309463,2012-06-30
1339,4,10,30,11.251952686604914,1.791930328188455,2012-06-30
1340,5,1,16,11.52635197742895,0.159699170906711,2012-06-30
1341,5,2,12,11.555575984297123,0.5687871098481402,2012-06-30
1342,5,3,13,11.551749015690573,0.7628609464404564,2012-06-30
1343,5,4,19,11.533332222437789,0.9003518511772828,2012-06-30
1344,5,5,10,11.511444389425156,1.0294384321935248,2012-06-30
1345,5,6,13,11.518100182504401,1.1979638749439994,2012-06-30
1346,5,7,21,11.521047332453739,1.3876963481823854,2012-06-30
1347,5,8,11,11.558035773426228,1.5750030066415883,2012-06-30
1348,5,9,8,11.51137202199046,1.732008102857853,2012-06-30
1349,5,10,14,11.579394036928605,2.1816154847120885,2012-06-30
1350,6,1,16,11.921117383256401,-0.05208777035923559,2012-06-30
1351,6,2,10,11.887574907165757,0.4881083280857069,2012-06-30
1352,6,3,10,11.799772420964967,0.7368906790784797,2012-06-30
1353,6,4,14,11.875540763272053,0.8532538972242442,2012-06-30
1354,6,5,16,11.830252577086993,1.0310428629297976,2012-06-30
1355,6,6,8,11.870202577515837,1.1944391364931957,2012-06-30
1356,6,7,12,11.844886240209135,1.2821211571468842,2012-06-30
1357,6,8,12,11.848459911358498,1.4083614152663018,2012-06-30
1358,6,9,12,11.860410117168962,1.580114238775784,2012-06-30
1359,6,10,14,11.835516042758119,2.062773747557497,2012-06-30
1360,7,1,12,12.273624974487468,-0.012787242135316013,2012-06-30
1361,7,2,7,12.359754679525208,0.4607957179300232,2012-06-30
1362,7,3,7,12.38894334729018,0.5791405070766105,2012-06-30
1363,7,4,8,12.242030758831726,0.6806394404576676,2012-06-30
1364,7,5,12,12.317822721868566,0.8302315832389217,2012-06-30
1365,7,6,14,12.319038742146367,0.9981467301035841,2012-06-30
1366,7,7,12,12.369266154522471,1.1629443107611863,2012-06-30
1367,7,8,13,12.317405485129978,1.3473164134610838,2012-06-30
1368,7,9,17,12.269284449614943,1.665455451212372,2012-06-30
1369,7,10,9,12.309785030196482,2.2601754452260234,2012-06-30
1370,8,1,15,12.920077405193116,0.06909520286933295,2012-06-30
1371,8,2,8,12.95515026005804,0.5808122378890282,2012-06-30
1372,8,3,9,12.862278214811168,0.7401725287114316,2012-06-30
1373,8,4,12,12.902198424789605,0.8788344386191334,2012-06-30
1374,8,5,8,13.00607837277477,1.0190138867310723,2012-06-30
1375,8,6,9,12.771731521509297,1.1428598587819565,2012-06-30
1376,8,7,12,12.899478077881462,1.2826219400615206,2012-06-30
1377,8,8,9,12.801462260427435,1.4739781302100583,2012-06-30
1378,8,9,10,12.875846207826356,1.6214380795797574,2012-06-30
1379,8,10,12,12.900142638082793,2.2962402033912817,2012-06-30
1380,9,1,8,13.860755951879618,-0.276353106204119,2012-06-30
1381,9,2,8,14.371284929956564,0.16287150132137693,2012-06-30
1382,9,3,8,13.947936378807684,0.4056968816736639,2012-06-30
1383,9,4,11,13.765577609027616,0.6151797728078389,2012-06-30
1384,9,5,6,13.776630593030141,0.8480310297471566,2012-06-30
1385,9,6,9,13.901791187727092,1.0415253531803488,2012-06-30
1386,9,7,7,14.196361263848301,1.309077649218673,2012-06-30
1387,9,8,8,14.078032597786098,1.4177253646316297,2012-06-30
1388,9,9,7,14.079227547474867,1.5463649745252452,2012-06-30
1389,9,10,8,13.676949426389402,2.0020015843466905,2012-06-30
1390,10,1,7,15.479495740941994,0.14065827435624573,2012-06-30
1391,10,2,6,15.502547701582374,0.400521400816155,2012-06-30
1392,10,3,7,16.11977136436118,0.6321685258393795,2012-06-30
1393,10,4,7,15.573558338317598,0.7501077909979866,2012-06-30
1394,10,5,7,15.439592000240484,0.9813923567724626,2012-06-30
1395,10,6,6,15.943242849423882,1.1749131631665308,2012-06-30
1396,10,7,6,16.275616005132864,1.3132555515799846,2012-06-30
1397,10,8,7,15.657056729144488,1.4228364177321617,2012-06-30
1398,10,9,6,15.78484930693107,1.5827892098961753,2012-06-30
1399,10,10,7,15.520285776768386,1.7904922124311182,2012-06-30
1400,1,1,24,9.849778469582864,-0.19472984457693618,2013-06-30
1401,1,2,32,9.805830344530436,0.5226789220221222,2013-06-30
1402,1,3,27,9.896741942052422,0.7667870397034259,2013-06-30
1403,1,4,27,9.87571780513964,0.911721117106548,2013-06-30
1404,1,5,24,9.774539186494092,1.0878408388264451,2013-06-30
1405,1,6,24,9.970786379017682,1.189838295561099,2013-06-30
1406,1,7,31,9.844466200378964,1.3578276689231106,2013-06-30
1407,1,8,30,9.990748811744782,1.5605714753216777,2013-06-30
1408,1,9,19,9.73116123564603,1.746063950216962,2013-06-30
1409,1,10,44,9.986705360271765,2.2829593042981666,2013-06-30
1410,2,1,29,10.52034741997619,0.27884952175548544,2013-06-30
1411,2,2,24,10.550210798818087,0.7614076686904917,2013-06-30
1412,2,3,22,10.574222757549661,0.8997737413311495,2013-06-30
1413,2,4,23,10.620267527042788,1.047662240952423,2013-06-30
1414,2,5,36,10.556460930831012,1.2590467576276125,2013-06-30
1415,2,6,15,10.576925618663333,1.3989531246416869,2013-06-30
1416,2,7,16,10.535968541418967,1.4625567800987846,2013-06-30
1417,2,8,33,10.542403737047147,1.5858443491184198,2013-06-30
1418,2,9,28,10.573983829281442,1.9112323838939769,2013-06-30
1419,2,10,18,10.565941211029793,2.6293045309796654,2013-06-30
1420,3,1,15,10.918733437215428,0.1697104154833594,2013-06-30
1421,3,2,19,10.966767267789367,0.6032161545505477,2013-06-30
1422,3,3,16,10.961829694662182,0.8240432317911192,2013-06-30
1423,3,4,15,10.986346410208236,0.9431357006999214,2013-06-30
1424,3,5,16,10.968967045540076,1.0587628565290794,2013-06-30
1425,3,6,35,11.005186135450012,1.1891537249575699,2013-06-30
1426,3,7,13,10.947063868581498,1.342243735276065,2013-06-30
1427,3,8,34,10.965665802888038,1.5175203779099458,2013-06-30
1428,3,9,17,11.000212104535521,1.758246788640912,2013-06-30
1429,3,10,23,10.97376572806368,2.1865504299280523,2013-06-30
1430,4,1,20,11.34358461131281,0.2779854220763884,2013-06-30
1431,4,2,13,11.353490410408835,0.638091626106793,2013-06-30
1432,4,3,24,11.33114129081921,0.8582073486660805,2013-06-30
1433,4,4,20,11.351842924017815,1.1003850290216894,2013-06-30
1434,4,5,17,11.306260230350983,1.2382119431866916,2013-06-30
1435,4,6,13,11.350382154930628,1.3881494466567739,2013-06-30
1436,4,7,15,11.35143032997226,1.5786814809331902,2013-06-30
1437,4,8,15,11.336654619199045,1.747340910858738,2013-06-30
1438,4,9,12,11.338353826761386,1.934152768220902,2013-06-30
1439,4,10,17,11.335467819501154,2.347420519827027,2013-06-30
1440,5,1,13,11.688990305586001,-0.24935569641830785,2013-06-30
1441,5,2,10,11.72021433333769,0.4640287682222942,2013-06-30
1442,5,3,8,11.697615883958534,0.747607987798645,2013-06-30
1443,5,4,15,11.691792507029737,0.9412321458427084,2013-06-30
1444,5,5,13,11.672437380234184,1.0272559972846989,2013-06-30
1445,5,6,24,11.667722153255175,1.1801321640461027,2013-06-30
1446,5,7,23,11.671964837632144,1.4087044419182468,2013-06-30
1447,5,8,15,11.69366407122802,1.6666297057211912,2013-06-30
1448,5,9,12,11.72516788492449,1.9112455746206936,2013-06-30
1449,5,10,16,11.702228511834331,2.428054968955342,2013-06-30
1450,6,1,19,12.051210501582718,0.36576902703219016,2013-06-30
1451,6,2,8,12.060880014438364,0.6624237409614453,2013-06-30
1452,6,3,8,12.002051543598384,0.7430666373957941,2013-06-30
1453,6,4,13,12.067375554294928,0.8523628436106251,2013-06-30
1454,6,5,13,12.072608070873738,0.9841190412643065,2013-06-30
1455,6,6,9,11.999899640837961,1.0525059818338827,2013-06-30
1456,6,7,17,12.096561792985845,1.2157056864771467,2013-06-30
1457,6,8,11,12.1286421281325,1.417800794823387,2013-06-30
1458,6,9,16,12.095508040382361,1.6141931787063815,2013-06-30
1459,6,10,26,12.05611580112039,2.2124973785713395,2013-06-30
1460,7,1,13,12.549654994471345,0.14899283075411593,2013-06-30
1461,7,2,7,12.58671691618267,0.5230000396160523,2013-06-30
1462,7,3,10,12.482679554462518,0.6974250918216268,2013-06-30
1463,7,4,12,12.490793035851624,0.8875452124507083,2013-06-30
1464,7,5,13,12.591137515625825,1.044121280304819,2013-06-30
1465,7,6,11,12.416973980243087,1.2293856258825526,2013-06-30
1466,7,7,12,12.527763820402306,1.3888958409094954,2013-06-30
1467,7,8,16,12.53341365900652,1.5497655693548273,2013-06-30
1468,7,9,13,12.512320706535888,1.7727071734462752,2013-06-30
1469,7,10,12,12.531558144431067,2.336317031160893,2013-06-30
1470,8,1,14,13.140296654323487,-0.001837213093489399,2013-06-30
1471,8,2,11,13.090854527813956,0.5550710013632522,2013-06-30
1472,8,3,9,13.159656011647705,0.673435536408102,2013-06-30
1473,8,4,11,13.148291614723611,0.8177083411423912,2013-06-30
1474,8,5,10,13.085488287047042,0.96646293614694,2013-06-30
1475,8,6,10,13.020260785969745,1.1112032459184842,2013-06-30
1476,8,7,12,13.02571487376568,1.296207573081209,2013-06-30
1477,8,8,10,13.151802995676736,1.4479844322121214,2013-06-30
1478,8,9,8,13.237825354894916,1.6134212254964413,2013-06-30
1479,8,10,10,12.955866306234265,2.3432969561604375,2013-06-30
1480,9,1,8,14.177272968058368,-0.3005352815206498,2013-06-30
1481,9,2,6,14.342394275892245,0.12079241635339626,2013-06-30
1482,9,3,7,14.285899154007465,0.29564747396815116,2013-06-30
1483,9,4,9,14.017035948850472,0.5113686186677626,2013-06-30
1484,9,5,7,13.967474461796453,0.7701516755550616,2013-06-30
1485,9,6,7,14.040250186459703,0.8599110738607824,2013-06-30
1486,9,7,8,13.796748336611497,0.9624214915923603,2013-06-30
1487,9,8,10,14.093009274834236,1.194677559091582,2013-06-30
1488,9,9,7,14.10892765422427,1.472399537224889,2013-06-30
1489,9,10,11,14.056732422742265,1.844302110955361,2013-06-30
1490,10,1,7,15.457794465984424,-0.2340471284890763,2013-06-30
1491,10,2,7,15.54249010887439,0.3192557091143056,2013-06-30
1492,10,3,6,15.318813640363432,0.5867446000140873,2013-06-30
1493,10,4,7,16.246405818036873,0.6801340355674469,2013-06-30
1494,10,5,7,15.487645567779923,0.8564648089218042,2013-06-30
1495,10,6,7,15.75017342087695,1.1224193098355166,2013-06-30
1496,10,7,6,15.765072455816872,1.2751956442105599,2013-06-30
1497,10,8,7,15.639494251851406,1.4186206686419207,2013-06-30
1498,10,9,6,16.02678996626936,1.546680536004821,2013-06-30
1499,10,10,7,15.314441924218913,1.8377060630886284,2013-06-30
1500,1,1,31,9.82280311893202,-0.6773558170048387,2014-06-30
1501,1,2,18,10.041252208826139,-0.016846856477533076,2014-06-30
1502,1,3,33,9.980947589865067,0.26709186247777794,2014-06-30
1503,1,4,24,9.991473488856029,0.478952188039285,2014-06-30
1504,1,5,23,9.99574272641931,0.6247876079724622,2014-06-30
1505,1,6,21,10.100576484217711,0.7505706976143096,2014-06-30
1506,1,7,36,10.065747022176033,0.9170190508161148,2014-06-30
1507,1,8,46,10.052740963039739,1.1599516656781295,2014-06-30
1508,1,9,35,9.903429873992849,1.4893924590783074,2014-06-30
1509,1,10,55,10.009550425768241,2.370592552547407,2014-06-30
1510,2,1,17,10.750900816461954,-0.9352767456734127,2014-06-30
1511,2,2,28,10.706620308085514,0.02562611856991052,2014-06-30
1512,2,3,12,10.766034925530825,0.3146429050544269,2014-06-30
1513,2,4,29,10.691306098580107,0.5576956175928303,2014-06-30
1514,2,5,41,10.72592864359848,0.8247622150951385,2014-06-30
1515,2,6,24,10.710553926574581,1.0235299766713197,2014-06-30
1516,2,7,28,10.709148681611978,1.1915854234052383,2014-06-30
1517,2,8,29,10.717683406358105,1.3803445147795879,2014-06-30
1518,2,9,29,10.695789843412255,1.7376017292063621,2014-06-30
1519,2,10,18,10.70186352734212,2.422934194831304,2014-06-30
1520,3,1,35,11.15719820252979,-0.08518651461984506,2014-06-30
1521,3,2,12,11.140351590129816,0.43943742858854673,2014-06-30
1522,3,3,17,11.134578237483577,0.6436316082163752,2014-06-30
1523,3,4,20,11.106206645479372,0.8181582614489067,2014-06-30
1524,3,5,19,11.129808698872264,0.9737742814882545,2014-06-30
1525,3,6,19,11.132084998513264,1.1335004486100988,2014-06-30
1526,3,7,12,11.181297317172273,1.2754448071570645,2014-06-30
1527,3,8,24,11.132388319255064,1.4685738197478708,2014-06-30
1528,3,9,23,11.17718677941673,1.79768918057921,2014-06-30
1529,3,10,18,11.171774501716271,2.6459167285303895,2014-06-30
1530,4,1,18,11.496879989358098,-0.920517383227939,2014-06-30
1531,4,2,26,11.572495719741632,0.12260249868297689,2014-06-30
1532,4,3,16,11.564712881868843,0.4783225456679783,2014-06-30
1533,4,4,15,11.563538658657093,0.6691478803668783,2014-06-30
1534,4,5,15,11.50920890329864,0.7984188847138987,2014-06-30
1535,4,6,16,11.568900696927585,0.9292273493813952,2014-06-30
1536,4,7,11,11.547793518004957,1.0524525330596466,2014-06-30
1537,4,8,15,11.559151050303852,1.2036635693944093,2014-06-30
1538,4,9,22,11.53031032536745,1.410588250764819,2014-06-30
1539,4,10,29,11.564283339288709,2.0150809198082285,2014-06-30
1540,5,1,18,11.861202729226168,-0.11784826693824844,2014-06-30
1541,5,2,12,11.939064532998492,0.3907947213053263,2014-06-30
1542,5,3,15,11.857323105037459,0.5938956659054816,2014-06-30
1543,5,4,11,11.93811944472348,0.7288405955004701,2014-06-30
1544,5,5,10,11.879234094694894,0.9055824397574697,2014-06-30
1545,5,6,17,11.899582524822657,1.0686627809273823,2014-06-30
1546,5,7,17,11.89029247403692,1.2876353605969506,2014-06-30
1547,5,8,16,11.900132027761906,1.575829389780302,2014-06-30
1548,5,9,12,11.862039463792426,1.9439157309033683,2014-06-30
1549,5,10,10,11.926458146365855,2.6636654653842458,2014-06-30
1550,6,1,21,12.29678165190452,0.07003530165771914,2014-06-30
1551,6,2,15,12.301629482518956,0.5139039401256721,2014-06-30
1552,6,3,9,12.23462424256395,0.650986828970362,2014-06-30
1553,6,4,8,12.275882216893837,0.7055425348798365,2014-06-30
1554,6,5,10,12.25445621536154,0.7771091182482885,2014-06-30
1555,6,6,16,12.268934645883785,0.9060731893892581,2014-06-30
1556,6,7,15,12.272796794252299,1.121664353361285,2014-06-30
1557,6,8,11,12.3450024536963,1.3947265969656812,2014-06-30
1558,6,9,14,12.217551563685204,1.59674373080224,2014-06-30
1559,6,10,19,12.232450762908394,2.2577008702581542,2014-06-30
1560,7,1,22,12.770851300178283,-0.20244216344711344,2014-06-30
1561,7,2,14,12.780244234304577,0.44495150198864003,2014-06-30
1562,7,3,7,12.681657672526557,0.6067042071875867,2014-06-30
1563,7,4,8,12.725883393999752,0.6965961645258759,2014-06-30
1564,7,5,11,12.705036006643242,0.878700335858221,2014-06-30
1565,7,6,10,12.76073479223886,1.0713450851453212,2014-06-30
1566,7,7,9,12.703860391981385,1.2208003006070545,2014-06-30
1567,7,8,13,12.667897187242279,1.4042241371527502,2014-06-30
1568,7,9,8,12.771822279330596,1.6769184514526696,2014-06-30
1569,7,10,11,12.764655215617285,2.400777662132334,2014-06-30
1570,8,1,14,13.277414885874617,-0.501810917115069,2014-06-30
1571,8,2,8,13.140397043945274,0.2397528407016022,2014-06-30
1572,8,3,10,13.464003006611108,0.39848161493489737,2014-06-30
1573,8,4,9,13.20144556809386,0.5200217545189182,2014-06-30
1574,8,5,6,13.258653883086403,0.6048376061894069,2014-06-30
1575,8,6,7,13.44788854911989,0.7382335874782521,2014-06-30
1576,8,7,9,13.268315871268102,0.9355246340206068,2014-06-30
1577,8,8,12,13.268380261925573,1.1430166278977538,2014-06-30
1578,8,9,8,13.306034468361034,1.381594959753098,2014-06-30
1579,8,10,11,13.294759161275842,2.057274887266091,2014-06-30
1580,9,1,9,14.179612116307984,-0.26652635102043437,2014-06-30
1581,9,2,7,14.312262897061006,0.1413976693022187,2014-06-30
1582,9,3,6,14.268269349771812,0.3502159262311726,2014-06-30
1583,9,4,6,14.441237757802336,0.5183444157529934,2014-06-30
1584,9,5,9,14.153231763264426,0.6618104677325669,2014-06-30
1585,9,6,7,14.209995118888148,0.7843931325584785,2014-06-30
1586,9,7,7,14.127510076543631,0.9850229227930419,2014-06-30
1587,9,8,8,14.250154775596696,1.1693407709290753,2014-06-30
1588,9,9,7,14.253839703095569,1.4110981670720872,2014-06-30
1589,9,10,6,14.130807817113734,1.7069380849967244,2014-06-30
1590,10,1,9,15.294979163173926,-0.3448725966965656,2014-06-30
1591,10,2,7,15.62448303816745,0.11767768968347746,2014-06-30
1592,10,3,6,16.369645432650785,0.33627096295137654,2014-06-30
1593,10,4,7,15.688836280953236,0.5519953731992995,2014-06-30
1594,10,5,7,15.723145000775464,0.8676041351427923,2014-06-30
1595,10,6,6,15.853104722783678,1.0446271662530373,2014-06-30
1596,10,7,7,16.09662107654699,1.3627494668411464,2014-06-30
1597,10,8,6,15.547199140073303,1.6108852554232118,2014-06-30
1598,10,9,7,16.07711810308905,1.8047731693264988,2014-06-30
1599,10,10,7,15.329847245337763,2.1691236635859292,2014-06-30
1600,1,1,55,10.329306062402267,-0.30487254220838994,2015-06-30
1601,1,2,25,10.297492662437572,0.3513832616626814,2015-06-30
1602,1,3,22,10.224734542098142,0.5491469497564713,2015-06-30
1603,1,4,23,10.462873463219147,0.6880057819337589,2015-06-30
1604,1,5,43,10.419048326129174,0.8599265272683252,2015-06-30
1605,1,6,36,10.337639345936601,1.09440865375265,2015-06-30
1606,1,7,43,10.375126312639871,1.3421739890024842,2015-06-30
1607,1,8,31,10.355467676154339,1.590116374339121,2015-06-30
1608,1,9,20,10.214548971315818,1.7940370391048344,2015-06-30
1609,1,10,41,10.36840904684981,2.463866674159967,2015-06-30
1610,2,1,35,11.046316877432389,-0.6328578871726951,2015-06-30
1611,2,2,15,11.057196747491616,0.24554017906237155,2015-06-30
1612,2,3,28,11.02417124618381,0.495503391569332,2015-06-30
1613,2,4,29,11.066828341683415,0.8291288870716224,2015-06-30
1614,2,5,20,11.022662226871596,0.9991530630141714,2015-06-30
1615,2,6,23,11.004447484582156,1.1481766192429337,2015-06-30
1616,2,7,29,11.036517800051726,1.3593126092252523,2015-06-30
1617,2,8,23,10.987747727936751,1.5999761720478138,2015-06-30
1618,2,9,25,11.10283031808168,1.8904748409468706,2015-06-30
1619,2,10,26,11.006781237655733,2.4869331062592184,2015-06-30
1620,3,1,23,11.42228724942206,-0.207760734026672,2015-06-30
1621,3,2,12,11.443803307085979,0.40116128959408565,2015-06-30
1622,3,3,18,11.441196940580836,0.6386763828562162,2015-06-30
1623,3,4,23,11.45359844256736,0.8857373993223111,2015-06-30
1624,3,5,21,11.444479822712895,1.0736585685815427,2015-06-30
1625,3,6,12,11.495485510697456,1.206143500179802,2015-06-30
1626,3,7,11,11.417709651479425,1.322126059583277,2015-06-30
1627,3,8,20,11.456446976401029,1.516803308200152,2015-06-30
1628,3,9,11,11.368613622119698,1.8225284730188755,2015-06-30
1629,3,10,20,11.405811380227577,2.569163777554974,2015-06-30
1630,4,1,34,11.783273568721182,-0.21731083655613323,2015-06-30
1631,4,2,14,11.845989110419495,0.44942551156067695,2015-06-30
1632,4,3,15,11.854622826412543,0.6924916846521667,2015-06-30
1633,4,4,27,11.74093647309871,0.9063100094892417,2015-06-30
1634,4,5,13,11.772852463741039,1.0780835161672544,2015-06-30
1635,4,6,19,11.793980697958125,1.1874841937239333,2015-06-30
1636,4,7,18,11.80403454288819,1.391651984977787,2015-06-30
1637,4,8,15,11.741879808393245,1.6168531187811674,2015-06-30
1638,4,9,17,11.845571765997356,1.9856357842587902,2015-06-30
1639,4,10,16,11.807038508614335,3.042865094454919,2015-06-30
1640,5,1,20,12.184255497444429,-0.34546104058105437,2015-06-30
1641,5,2,14,12.189402116525866,0.40050318296195286,2015-06-30
1642,5,3,15,12.182517501009128,0.6976550443572047,2015-06-30
1643,5,4,15,12.165631040065545,0.9245275040993658,2015-06-30
1644,5,5,13,12.175277651015271,1.1192570726920483,2015-06-30
1645,5,6,13,12.178248824456935,1.3008771622868252,2015-06-30
1646,5,7,15,12.150820236988242,1.431857104581377,2015-06-30
1647,5,8,13,12.162530933742598,1.7268333813472494,2015-06-30
1648,5,9,8,12.161675980745848,2.0707503480483154,2015-06-30
1649,5,10,15,12.158418433666727,2.8219273390687736,2015-06-30
1650,6,1,14,12.566210175267743,-0.29545904827648456,2015-06-30
1651,6,2,19,12.600532435626784,0.37470214392974577,2015-06-30
1652,6,3,11,12.58735159340157,0.6375176786894605,2015-06-30
1653,6,4,8,12.527597335739227,0.7566308871898614,2015-06-30
1654,6,5,10,12.620653809841881,0.881311727369783,2015-06-30
1655,6,6,17,12.597769995205553,1.0134353545569386,2015-06-30
1656,6,7,12,12.515073822011184,1.1278486340988794,2015-06-30
1657,6,8,17,12.569918867804848,1.3188532902651637,2015-06-30
1658,6,9,15,12.592046325926326,1.8293627325721658,2015-06-30
1659,6,10,26,12.536972960869797,2.6182167589887606,2015-06-30
1660,7,1,16,13.053698417377719,-0.544169496032635,2015-06-30
1661,7,2,16,13.034834345041206,0.2700788870604875,2015-06-30
1662,7,3,11,12.99331020243044,0.44731641114927767,2015-06-30
1663,7,4,8,13.044842905356166,0.587037042880657,2015-06-30
1664,7,5,12,12.988356297860712,0.798841929167553,2015-06-30
1665,7,6,8,12.941225486056059,1.0233606844756702,2015-06-30
1666,7,7,9,13.02801316993808,1.165625904935724,2015-06-30
1667,7,8,13,12.995438577862737,1.416109127345157,2015-06-30
1668,7,9,13,13.003339120798781,1.8456470032792325,2015-06-30
1669,7,10,9,12.9760234640423,2.4069606588275767,2015-06-30
1670,8,1,21,13.577812247046351,-0.34301454663513364,2015-06-30
1671,8,2,7,13.579803745838117,0.4061814996856299,2015-06-30
1672,8,3,9,13.583732441753732,0.559210321644548,2015-06-30
1673,8,4,14,13.700123619489743,0.767871698385718,2015-06-30
1674,8,5,9,13.474279072028233,0.8658148126248721,2015-06-30
1675,8,6,8,13.56585017426588,0.9861687146662655,2015-06-30
1676,8,7,6,13.762553991926971,1.1679172716050739,2015-06-30
1677,8,8,8,13.665210885004743,1.3820731107708346,2015-06-30
1678,8,9,7,13.748726065455743,1.6033591660414352,2015-06-30
1679,8,10,11,13.564270245651254,2.0810898015940045,2015-06-30
1680,9,1,10,14.321398885412716,-0.1849874127636429,2015-06-30
1681,9,2,6,14.192906507553149,0.5181644692335404,2015-06-30
1682,9,3,6,14.316060368551023,0.6795550156689342,2015-06-30
1683,9,4,7,14.499558135829018,0.7732491795028935,2015-06-30
1684,9,5,7,14.30308585113002,0.9389721600812182,2015-06-30
1685,9,6,8,14.437769382389904,1.1269399217388418,2015-06-30
1686,9,7,9,14.376810723884738,1.3248166569397233,2015-06-30
1687,9,8,8,14.23074484254262,1.5809032030114631,2015-06-30
1688,9,9,8,14.386659434043008,1.9261230234193272,2015-06-30
1689,9,10,7,14.483142029680407,2.8653308867250393,2015-06-30
1690,10,1,8,15.480481353208436,-0.41472538507423984,2015-06-30
1691,10,2,7,15.663287973012274,0.07782046011269185,2015-06-30
1692,10,3,7,16.03961942781864,0.2965429046314011,2015-06-30
1693,10,4,6,16.166821582677553,0.49148934162076746,2015-06-30
1694,10,5,7,16.400009472745133,0.6201467302134448,2015-06-30
1695,10,6,8,15.672738447067639,0.8111312918892464,2015-06-30
1696,10,7,7,15.566169646990874,1.1386445812373611,2015-06-30
1697,10,8,7,15.930003109913432,1.4907731038777976,2015-06-30
1698,10,9,6,15.794561158896963,1.9169264319336132,2015-06-30
1699,10,10,7,15.617644039225624,2.3473937699381238,2015-06-30
1700,1,1,39,10.438817742719282,-0.3345257278075735,2016-06-30
1701,1,2,27,10.596335043036172,0.46066014757834967,2016-06-30
1702,1,3,22,10.505836051093326,0.6938353876283189,2016-06-30
1703,1,4,17,10.589563259315335,0.8693861665845928,2016-06-30
1704,1,5,40,10.60943708511643,1.0589374651355095,2016-06-30
1705,1,6,20,10.636214144223718,1.2107742047914356,2016-06-30
1706,1,7,25,10.575639367897987,1.3820265914640002,2016-06-30
1707,1,8,26,10.606258985247893,1.5722227729180933,2016-06-30
1708,1,9,61,10.603862839108876,1.916474408029908,2016-06-30
1709,1,10,47,10.539298340886605,2.690830325593613,2016-06-30
1710,2,1,47,11.15527775286011,-0.2801809561651848,2016-06-30
1711,2,2,21,11.126638165282394,0.5658326828428532,2016-06-30
1712,2,3,11,11.148540163743272,0.7443556373983113,2016-06-30
1713,2,4,25,11.12441916239462,0.9147994488315839,2016-06-30
1714,2,5,27,11.135659489698016,1.1954389520782132,2016-06-30
1715,2,6,29,11.151893186976384,1.430520215104741,2016-06-30
1716,2,7,16,11.110404510110818,1.5853503851712123,2016-06-30
1717,2,8,20,11.145589302781932,1.7427410088629505,2016-06-30
1718,2,9,33,11.128832101517366,2.001844755369372,2016-06-30
1719,2,10,32,11.12929540677884,2.8095807525571064,2016-06-30
1720,3,1,30,11.4821414841484,-0.6901767612632072,2016-06-30
1721,3,2,22,11.525709010132223,0.3718164771304599,2016-06-30
1722,3,3,15,11.518755996757188,0.7226971563870613,2016-06-30
1723,3,4,19,11.527518849286636,0.8725527877191813,2016-06-30
1724,3,5,20,11.515249284399536,1.0993980012298616,2016-06-30
1725,3,6,14,11.541988738493083,1.2814138475593928,2016-06-30
1726,3,7,15,11.480900041396703,1.4099405323146947,2016-06-30
1727,3,8,23,11.499740509370213,1.6022814351257837,2016-06-30
1728,3,9,22,11.541793393486536,1.7970215179649245,2016-06-30
1729,3,10,34,11.516533877190017,2.723954538519503,2016-06-30
1730,4,1,19,11.81506979216872,-0.16470541677668685,2016-06-30
1731,4,2,14,11.809199123771748,0.5907882933726435,2016-06-30
1732,4,3,15,11.809318040683557,0.8296199836515379,2016-06-30
1733,4,4,27,11.818557182755125,1.15149430523527,2016-06-30
1734,4,5,10,11.81650501331226,1.4660752973727822,2016-06-30
1735,4,6,15,11.80283292889749,1.6131959583026665,2016-06-30
1736,4,7,14,11.85515677867913,1.8498082507143703,2016-06-30
1737,4,8,16,11.771895777703378,2.1441701008582275,2016-06-30
1738,4,9,14,11.803313951947372,2.476020544443622,2016-06-30
1739,4,10,20,11.818619732031053,3.881646545949503,2016-06-30
1740,5,1,35,12.12835849811662,-0.007061351521030969,2016-06-30
1741,5,2,11,12.178257119810347,0.625325776766761,2016-06-30
1742,5,3,17,12.094729066615894,0.8188511301755913,2016-06-30
1743,5,4,13,12.144464072460949,1.061017348460639,2016-06-30
1744,5,5,15,12.099222892397073,1.2455175484775198,2016-06-30
1745,5,6,10,12.113417884012787,1.369050993322246,2016-06-30
1746,5,7,15,12.111271990578814,1.5356100261639816,2016-06-30
1747,5,8,10,12.076646430004383,1.6948252384054743,2016-06-30
1748,5,9,26,12.118468756532312,2.0438487362233584,2016-06-30
1749,5,10,20,12.153950980871596,3.118479240227668,2016-06-30
1750,6,1,19,12.478168132753868,-0.27415417230363526,2016-06-30
1751,6,2,13,12.481503798278263,0.4613852512965001,2016-06-30
1752,6,3,18,12.463921063498038,0.7367404296999324,2016-06-30
1753,6,4,9,12.481420020706636,0.9785954144118842,2016-06-30
1754,6,5,10,12.485866781513488,1.1346652456460418,2016-06-30
1755,6,6,9,12.525651710731722,1.2518460531467153,2016-06-30
1756,6,7,15,12.418654475780572,1.4424695274981794,2016-06-30
1757,6,8,12,12.466864537118703,1.7446657872274642,2016-06-30
1758,6,9,11,12.474046795978023,1.9773279817879077,2016-06-30
1759,6,10,18,12.477847675217959,2.6136397765106167,2016-06-30
1760,7,1,16,12.937518376935023,-1.1835954727251918,2016-06-30
1761,7,2,12,12.901959932258437,0.350957380953335,2016-06-30
1762,7,3,6,12.856289436673327,0.4522340030433556,2016-06-30
1763,7,4,9,12.830959054074524,0.624996714718687,2016-06-30
1764,7,5,11,12.899288109953984,0.8802687204384916,2016-06-30
1765,7,6,7,12.94601440689016,1.0797478665363383,2016-06-30
1766,7,7,9,12.90037038711055,1.194775830764268,2016-06-30
1767,7,8,9,12.915978885940659,1.3781441628192923,2016-06-30
1768,7,9,17,12.873892842219878,1.6248072174591954,2016-06-30
1769,7,10,20,12.866459739749402,2.4113407729303975,2016-06-30
1770,8,1,18,13.370719211294828,-0.1914802428514558,2016-06-30
1771,8,2,9,13.434252731425596,0.43478188359958403,2016-06-30
1772,8,3,13,13.44118725007031,0.6562863627365364,2016-06-30
1773,8,4,7,13.52841193782176,0.8160685737526114,2016-06-30
1774,8,5,9,13.390949758129548,0.9582556683184555,2016-06-30
1775,8,6,9,13.503913858347842,1.1245976298764369,2016-06-30
1776,8,7,8,13.632045649297368,1.3526966750980494,2016-06-30
1777,8,8,10,13.351089199008484,1.5522427734313147,2016-06-30
1778,8,9,11,13.45598841300771,1.8540258578038349,2016-06-30
1779,8,10,14,13.45776418532772,2.715854371343154,2016-06-30
1780,9,1,9,14.25795872182446,-0.629789789442279,2016-06-30
1781,9,2,7,14.225873202787612,0.4358733390440772,2016-06-30
1782,9,3,8,14.128593912372494,0.7466737066553327,2016-06-30
1783,9,4,7,14.231995089475676,0.9130561825683259,2016-06-30
1784,9,5,7,14.24624660333724,1.071568137398915,2016-06-30
1785,9,6,6,14.261302703543175,1.2148289266259866,2016-06-30
1786,9,7,9,14.29599196698002,1.3966314663365482,2016-06-30
1787,9,8,6,14.18517592664108,1.6373025064448823,2016-06-30
1788,9,9,7,14.301265269905512,2.0459784690826988,2016-06-30
1789,9,10,10,14.199228802531309,2.8016227493080073,2016-06-30
1790,10,1,8,15.716196814726128,-0.3244326393841084,2016-06-30
1791,10,2,7,15.99099565827049,0.14158163835427784,2016-06-30
1792,10,3,7,16.119575616422562,0.30437163644942355,2016-06-30
1793,10,4,7,15.587240402235109,0.5483587425706598,2016-06-30
1794,10,5,8,16.051962553012388,0.7521685787760516,2016-06-30
1795,10,6,7,15.42469694513137,0.9345809707390661,2016-06-30
1796,10,7,7,15.921252149645648,1.1030751059775388,2016-06-30
1797,10,8,7,15.272783466080122,1.4750586332561273,2016-06-30
1798,10,9,7,15.943962228866866,1.8462848076210991,2016-06-30
1799,10,10,7,15.199669750304825,2.3243340869505826,2016-06-30
1800,1,1,23,10.487561595406032,-2.146154986220894,2017-06-30
1801,1,2,35,10.551327676730116,-0.7085681388392161,2017-06-30
1802,1,3,57,10.394010502317867,-0.06436635778429929,2017-06-30
1803,1,4,25,10.615157082751805,0.3398805014721908,2017-06-30
1804,1,5,26,10.598540127182131,0.6443883939118948,2017-06-30
1805,1,6,42,10.678264395355672,0.8802791583374547,2017-06-30
1806,1,7,37,10.564397854829524,1.174317750191692,2017-06-30
1807,1,8,23,10.642505086538492,1.4458189147529512,2017-06-30
1808,1,9,44,10.629067188222175,1.7361931042540144,2017-06-30
1809,1,10,51,10.569270741816336,2.4934143938774875,2017-06-30
1810,2,1,49,11.245060106084468,-0.8262622164279656,2017-06-30
1811,2,2,36,11.206315261639718,0.19393063717571005,2017-06-30
1812,2,3,24,11.215526316592838,0.43296701029504026,2017-06-30
1813,2,4,13,11.181779493533476,0.5374052594117761,2017-06-30
1814,2,5,20,11.208839118221153,0.6773651962009801,2017-06-30
1815,2,6,20,11.202021982807581,0.810781540419583,2017-06-30
1816,2,7,40,11.203427434439769,1.0746358410369952,2017-06-30
1817,2,8,30,11.21419206012197,1.3333124698028012,2017-06-30
1818,2,9,39,11.240134093045635,1.6208932475039783,2017-06-30
1819,2,10,42,11.2134868133871,2.5327421743939005,2017-06-30
1820,3,1,28,11.57513903915706,-0.977306056923507,2017-06-30
1821,3,2,28,11.588873969609741,0.17315902929735968,2017-06-30
1822,3,3,9,11.609469802182394,0.4322955352932743,2017-06-30
1823,3,4,12,11.639639625290526,0.6130083156969438,2017-06-30
1824,3,5,19,11.58279519800359,0.7780252834412164,2017-06-30
1825,3,6,17,11.623194582016573,0.9538140205892383,2017-06-30
1826,3,7,8,11.58234931283199,1.0627421347380743,2017-06-30
1827,3,8,18,11.59560033334754,1.1836366785459993,2017-06-30
1828,3,9,17,11.581313175482048,1.3772832828476098,2017-06-30
1829,3,10,49,11.57328936384763,2.475041860019673,2017-06-30
1830,4,1,37,11.88717219231636,-0.43287255022656046,2017-06-30
1831,4,2,11,11.885483873137998,0.31301815350409984,2017-06-30
1832,4,3,11,11.894510819985449,0.5106702701741357,2017-06-30
1833,4,4,18,11.845811079798585,0.6949804371099491,2017-06-30
1834,4,5,9,11.86551136792648,0.9134268807257057,2017-06-30
1835,4,6,14,11.883963458295394,1.0354409711344401,2017-06-30
1836,4,7,17,11.842538103728783,1.1881169981216089,2017-06-30
1837,4,8,15,11.862665580300126,1.4349467278105348,2017-06-30
1838,4,9,16,11.878014324123706,1.7051317196913531,2017-06-30
1839,4,10,33,11.858425677394258,2.6205292212760654,2017-06-30
1840,5,1,23,12.161260258081713,-0.5924766147447041,2017-06-30
1841,5,2,12,12.215193214044175,0.13468761338417534,2017-06-30
1842,5,3,14,12.156767367784303,0.4405697451459965,2017-06-30
1843,5,4,7,12.124575404828416,0.7118816539117846,2017-06-30
1844,5,5,8,12.14516630542856,0.800371066969425,2017-06-30
1845,5,6,14,12.154668498222748,0.9484763652340301,2017-06-30
1846,5,7,14,12.119026936984415,1.190591847477027,2017-06-30
1847,5,8,23,12.184911815670148,1.4953690891224876,2017-06-30
1848,5,9,23,12.149232337899837,1.98727394360002,2017-06-30
1849,5,10,16,12.1759897964749,3.1540740932319333,2017-06-30
1850,6,1,22,12.474445877786115,-0.5305206973553788,2017-06-30
1851,6,2,12,12.505065373533169,0.20814690839211003,2017-06-30
1852,6,3,11,12.476258381603424,0.39959320030287987,2017-06-30
1853,6,4,8,12.449018617844871,0.5825814559518211,2017-06-30
1854,6,5,9,12.460672674999737,0.6891055804686849,2017-06-30
1855,6,6,13,12.513647639933977,0.9135503827748739,2017-06-30
1856,6,7,10,12.57676980186848,1.0876058913583033,2017-06-30
1857,6,8,17,12.492855388436348,1.3236576308997021,2017-06-30
1858,6,9,18,12.513565958604904,1.7343779123360745,2017-06-30
1859,6,10,20,12.479137875024609,3.0588483550734002,2017-06-30
1860,7,1,15,12.91027906970144,-0.544875331348153,2017-06-30
1861,7,2,11,12.989877054334308,0.1289673030502452,2017-06-30
1862,7,3,12,12.879603090966404,0.3202914662927365,2017-06-30
1863,7,4,11,12.979368323902758,0.5291256653356395,2017-06-30
1864,7,5,11,12.91394668349709,0.6893588253103404,2017-06-30
1865,7,6,14,12.958861175303298,0.8792667538805959,2017-06-30
1866,7,7,13,12.879123341861622,1.1649117014573032,2017-06-30
1867,7,8,10,12.89700526362436,1.3614210698167362,2017-06-30
1868,7,9,15,12.90372833478765,1.6132188679864385,2017-06-30
1869,7,10,21,12.912584598716053,2.6401380735132114,2017-06-30
1870,8,1,9,13.497386769013623,-0.5091285075249039,2017-06-30
1871,8,2,11,13.464055764286558,-0.028449418386123974,2017-06-30
1872,8,3,9,13.474761341563177,0.2694974375106466,2017-06-30
1873,8,4,11,13.529143997211365,0.4777665334398236,2017-06-30
1874,8,5,8,13.470121216931672,0.7447463773747357,2017-06-30
1875,8,6,9,13.496755876148905,0.9513753488810123,2017-06-30
1876,8,7,6,13.53146782200214,1.1249276911235662,2017-06-30
1877,8,8,11,13.501272612302904,1.3985992390705602,2017-06-30
1878,8,9,14,13.50487046136941,1.8857888939687428,2017-06-30
1879,8,10,10,13.577399882605267,2.558383627881615,2017-06-30
1880,9,1,8,14.266260755228641,-0.5752402166338401,2017-06-30
1881,9,2,9,14.248971024865249,0.23874222672712841,2017-06-30
1882,9,3,7,14.313682263174067,0.5416421774739497,2017-06-30
1883,9,4,9,14.348526380819514,0.7814782910068783,2017-06-30
1884,9,5,8,14.312914634376316,0.9406097815218356,2017-06-30
1885,9,6,7,14.219343130694854,1.0526405698413648,2017-06-30
1886,9,7,7,14.50441321517357,1.304692446570421,2017-06-30
1887,9,8,8,14.302481871615537,1.4859045015274903,2017-06-30
1888,9,9,6,14.263393725389903,1.6266168650479749,2017-06-30
1889,9,10,11,14.317009585035214,2.4750443852772226,2017-06-30
1890,10,1,7,15.472564774331966,-0.31916920666395393,2017-06-30
1891,10,2,7,16.50297651259851,0.2757205087586983,2017-06-30
1892,10,3,7,15.923929065140115,0.5870437998698212,2017-06-30
1893,10,4,7,15.927090239738488,0.738559334785647,2017-06-30
1894,10,5,7,16.035245515854427,0.8977907314908448,2017-06-30
1895,10,6,8,16.56180826161711,1.1077740939200438,2017-06-30
1896,10,7,6,16.28240961539929,1.2532429640037612,2017-06-30
1897,10,8,7,15.619902714021297,1.4550323581708309,2017-06-30
1898,10,9,6,15.553516760600024,1.765592166082042,2017-06-30
1899,10,10,8,15.393192446338475,2.2698758923339555,2017-06-30
1900,1,1,55,10.40697990512162,-0.774581746562163,2018-06-30
1901,1,2,27,10.60843717593539,0.05489350020495499,2018-06-30
1902,1,3,31,10.552232354260832,0.32422338523983024,2018-06-30
1903,1,4,21,10.612471073785063,0.5195255218171597,2018-06-30
1904,1,5,39,10.653021265849036,0.6701443429248413,2018-06-30
1905,1,6,30,10.695959722220417,0.8736472908403132,2018-06-30
1906,1,7,29,10.683984611936383,1.0794426789260347,2018-06-30
1907,1,8,62,10.65206032196482,1.383893429631271,2018-06-30
1908,1,9,44,10.529595452286431,1.7954913390428475,2018-06-30
1909,1,10,41,10.4807282226645,2.721397045137226,2018-06-30
1910,2,1,40,11.18930610346536,-0.7816785210057658,2018-06-30
1911,2,2,34,11.241829311893897,0.031157502068626292,2018-06-30
1912,2,3,18,11.26430505389815,0.33864099936699205,2018-06-30
1913,2,4,30,11.241962915321915,0.5461586979426438,2018-06-30
1914,2,5,27,11.215941415872821,0.7580989037508064,2018-06-30
1915,2,6,36,11.249494104840535,0.95463361083426,2018-06-30
1916,2,7,29,11.224527877311028,1.1672864311004518,2018-06-30
1917,2,8,23,11.220196762270776,1.3534857350365208,2018-06-30
1918,2,9,21,11.251297959606683,1.5371392795322045,2018-06-30
1919,2,10,77,11.225140150074315,2.3703589578922535,2018-06-30
1920,3,1,37,11.587417510783807,-0.10354922664360071,2018-06-30
1921,3,2,16,11.59085356236194,0.4828193807094603,2018-06-30
1922,3,3,24,11.603871613811032,0.7304524087533478,2018-06-30
1923,3,4,10,11.602700043281512,0.8800462831673798,2018-06-30
1924,3,5,12,11.565635181023323,0.9649743445656623,2018-06-30
1925,3,6,11,11.580765243012646,1.0487808774413023,2018-06-30
1926,3,7,23,11.560175108020605,1.271088336819972,2018-06-30
1927,3,8,20,11.566985960925937,1.6451118305182362,2018-06-30
1928,3,9,12,11.58679142957567,1.9862901470543466,2018-06-30
1929,3,10,31,11.602332143469186,2.9679819172545727,2018-06-30
1930,4,1,30,11.869626513759412,-0.4592822336554873,2018-06-30
1931,4,2,12,11.863601910120364,0.1780819666726738,2018-06-30
1932,4,3,11,11.82370556591369,0.3676737426940669,2018-06-30
1933,4,4,10,11.821365123248253,0.5937546223044335,2018-06-30
1934,4,5,10,11.875243846350847,0.7647474772208804,2018-06-30
1935,4,6,18,11.868338990200249,0.9298772674279321,2018-06-30
1936,4,7,14,11.864799519303347,1.1252140592766129,2018-06-30
1937,4,8,19,11.857570191314139,1.3862288627112638,2018-06-30
1938,4,9,13,11.855883001782626,1.7578899779458557,2018-06-30
1939,4,10,33,11.87008707699377,2.708926924895699,2018-06-30
1940,5,1,30,12.147615057903506,-0.8315363166495263,2018-06-30
1941,5,2,15,12.134869798245438,0.21846873083550966,2018-06-30
1942,5,3,11,12.089447749542844,0.4348127777384583,2018-06-30
1943,5,4,13,12.162722793109472,0.6147437068921564,2018-06-30
1944,5,5,20,12.19584960695524,0.8646117649282532,2018-06-30
1945,5,6,13,12.116218132454877,1.0387114593315958,2018-06-30
1946,5,7,25,12.139540883041912,1.2902755240380805,2018-06-30
1947,5,8,20,12.150804985539036,1.5958199757615863,2018-06-30
1948,5,9,17,12.129822732610306,1.9616700966159275,2018-06-30
1949,5,10,20,12.17381383299817,3.100747078397487,2018-06-30
1950,6,1,19,12.515679968178516,-0.4636504725032314,2018-06-30
1951,6,2,21,12.501092178840267,0.41547537023535885,2018-06-30
1952,6,3,13,12.496804676333916,0.7482974468473045,2018-06-30
1953,6,4,14,12.506610150858393,1.0106181707095658,2018-06-30
1954,6,5,11,12.553182337721882,1.1994502827085085,2018-06-30
1955,6,6,16,12.497646799021435,1.4067230982254657,2018-06-30
1956,6,7,12,12.524072420779262,1.6170863313806734,2018-06-30
1957,6,8,15,12.53072949881889,1.8335224799751049,2018-06-30
1958,6,9,12,12.549651301358216,2.09186282779564,2018-06-30
1959,6,10,20,12.490066173562097,3.4564884240871114,2018-06-30
1960,7,1,20,12.912533893924032,-0.6631024765001259,2018-06-30
1961,7,2,9,12.893860399356546,0.022690841904630568,2018-06-30
1962,7,3,13,12.950691938255046,0.19936427998657238,2018-06-30
1963,7,4,9,12.957107715437697,0.4359039905811703,2018-06-30
1964,7,5,9,12.977705154353709,0.5810125598861013,2018-06-30
1965,7,6,10,12.903060278476579,0.7909036095684008,2018-06-30
1966,7,7,10,12.908724386385742,0.9612851763042048,2018-06-30
1967,7,8,15,12.917160046910753,1.2424529448934674,2018-06-30
1968,7,9,20,12.94995467170628,1.7214201345882472,2018-06-30
1969,7,10,24,12.925759142147697,2.831630342917444,2018-06-30
1970,8,1,12,13.602184562677307,-0.8894862681875817,2018-06-30
1971,8,2,14,13.548884907002675,0.030795481971834158,2018-06-30
1972,8,3,9,13.539814020478488,0.5021790641426519,2018-06-30
1973,8,4,8,13.61737229862673,0.7495873064035363,2018-06-30
1974,8,5,10,13.569477972842213,0.9684508401427318,2018-06-30
1975,8,6,11,13.537009738431154,1.124139780990465,2018-06-30
1976,8,7,9,13.546543645862284,1.2972826058465277,2018-06-30
1977,8,8,11,13.547821163733158,1.568472108932231,2018-06-30
1978,8,9,8,13.543127063094044,1.7928629534849247,2018-06-30
1979,8,10,21,13.54530839512703,2.880858821467209,2018-06-30
1980,9,1,7,14.299911432906102,-0.3915062440874504,2018-06-30
1981,9,2,11,14.212383959041448,0.051344633453802115,2018-06-30
1982,9,3,10,14.243593581972437,0.5976076090553164,2018-06-30
1983,9,4,6,14.319065779724731,0.7988298797801404,2018-06-30
1984,9,5,8,14.393090749638285,0.8895913372499765,2018-06-30
1985,9,6,10,14.31070826201418,1.1122630922202648,2018-06-30
1986,9,7,7,14.246844536354192,1.3085380606095143,2018-06-30
1987,9,8,8,14.476847054770516,1.4491759634301489,2018-06-30
1988,9,9,10,14.433409311821501,1.8084759872209002,2018-06-30
1989,9,10,9,14.261510397048523,2.602796098833638,2018-06-30
1990,10,1,7,15.448793288880186,-0.30424878938958194,2018-06-30
1991,10,2,6,16.15621682676551,0.20237901181942694,2018-06-30
1992,10,3,8,15.700041612751846,0.4924468050880282,2018-06-30
1993,10,4,6,16.179831997815707,0.6106163636008431,2018-06-30
1994,10,5,7,16.66941433664632,0.8917891784831804,2018-06-30
1995,10,6,6,16.335616080779186,1.0368300144568796,2018-06-30
1996,10,7,6,16.006656893436762,1.2189482154302207,2018-06-30
1997,10,8,9,15.759762805216265,1.3688632567089694,2018-06-30
1998,10,9,6,15.492665723716039,1.7887420918455301,2018-06-30
1999,10,10,10,15.423830957914877,2.5389247686920307,2018-06-30
2000,1,1,71,10.419977085794487,-0.08612077236810932,2019-06-30
2001,1,2,30,10.60764773326099,0.43466155050672545,2019-06-30
2002,1,3,42,10.583355527842926,0.6808071835117436,2019-06-30
2003,1,4,22,10.640972415069193,0.8398590746490501,2019-06-30
2004,1,5,36,10.53685071429483,0.9458108131213643,2019-06-30
2005,1,6,37,10.5503221553138,1.072428316171854,2019-06-30
2006,1,7,67,10.63426260726895,1.2938372907282427,2019-06-30
2007,1,8,43,10.683524387339927,1.5486275635035411,2019-06-30
2008,1,9,56,10.626503919702191,1.8353730187116228,2019-06-30
2009,1,10,52,10.51486180660715,2.5897899705047647,2019-06-30
2010,2,1,38,11.220918791932581,-0.09736437520075054,2019-06-30
2011,2,2,39,11.208683474863745,0.6225265643485839,2019-06-30
2012,2,3,22,11.247055805807328,0.8527375878547815,2019-06-30
2013,2,4,21,11.215273093242399,0.9639403900042577,2019-06-30
2014,2,5,23,11.254120081161117,1.0624149330332897,2019-06-30
2015,2,6,27,11.219963093214325,1.2095692001785305,2019-06-30
2016,2,7,32,11.214847690823792,1.3891470269543873,2019-06-30
2017,2,8,22,11.173044811314684,1.5825890165558631,2019-06-30
2018,2,9,32,11.222606239178761,1.8588626947926528,2019-06-30
2019,2,10,37,11.254590308741758,2.86383434000821,2019-06-30
2020,3,1,26,11.550502631774775,-0.11674157293351135,2019-06-30
2021,3,2,23,11.539885612353453,0.5168020662580622,2019-06-30
2022,3,3,14,11.504427463136832,0.72129401866169,2019-06-30
2023,3,4,15,11.531794210450858,0.8349855038444984,2019-06-30
2024,3,5,14,11.576281541836265,0.9844231795057455,2019-06-30
2025,3,6,22,11.545502206463892,1.1471933009654112,2019-06-30
2026,3,7,12,11.528837587532044,1.2842789029184674,2019-06-30
2027,3,8,23,11.522749110243828,1.5026296458502595,2019-06-30
2028,3,9,21,11.546885727118504,1.7671331410042175,2019-06-30
2029,3,10,40,11.537634871749553,2.400496536170481,2019-06-30
2030,4,1,27,11.800354420755765,-0.013477497938604642,2019-06-30
2031,4,2,17,11.795029960005422,0.5007356177647889,2019-06-30
2032,4,3,14,11.802747868121912,0.6539663960583721,2019-06-30
2033,4,4,15,11.789266316681097,0.7877429823024801,2019-06-30
2034,4,5,11,11.803269960129114,0.9406048429238866,2019-06-30
2035,4,6,17,11.771444807549367,1.0875699351596353,2019-06-30
2036,4,7,16,11.774539462545025,1.216971524950834,2019-06-30
2037,4,8,15,11.808852233923718,1.4525509828778191,2019-06-30
2038,4,9,20,11.802375966347396,1.7304458218584784,2019-06-30
2039,4,10,30,11.802218101172093,2.462855544996259,2019-06-30
2040,5,1,32,12.151368247421232,-0.15900211211921964,2019-06-30
2041,5,2,15,12.065706407780002,0.6057827862627401,2019-06-30
2042,5,3,18,12.115829820324674,0.7994094508677789,2019-06-30
2043,5,4,20,12.150826161470288,1.0481640088592445,2019-06-30
2044,5,5,17,12.05704779850435,1.2112639819608,2019-06-30
2045,5,6,16,12.141910581946131,1.39845398074843,2019-06-30
2046,5,7,20,12.096231896110567,1.558880707307977,2019-06-30
2047,5,8,21,12.096949884651512,1.8596412507937108,2019-06-30
2048,5,9,17,12.081391195817117,2.295683758022443,2019-06-30
2049,5,10,18,12.065009822869563,3.1764530704732774,2019-06-30
2050,6,1,22,12.481980446212786,-0.16494793228976523,2019-06-30
2051,6,2,10,12.435462928863718,0.4411946388976631,2019-06-30
2052,6,3,17,12.510613135105809,0.6674437135185797,2019-06-30
2053,6,4,10,12.489327748810533,0.8771692621275322,2019-06-30
2054,6,5,11,12.477119290283996,1.0095690974680638,2019-06-30
2055,6,6,11,12.510730440965181,1.240345221427256,2019-06-30
2056,6,7,15,12.527472589086646,1.3964923647023526,2019-06-30
2057,6,8,19,12.458200503460722,1.5718578868899522,2019-06-30
2058,6,9,13,12.482535368428794,1.7873842226078827,2019-06-30
2059,6,10,24,12.471485175923286,2.414128403218667,2019-06-30
2060,7,1,11,12.898267106026015,-0.24760338321986364,2019-06-30
2061,7,2,15,12.963551317563466,0.2059648427584185,2019-06-30
2062,7,3,12,12.850356368659758,0.5051753546807132,2019-06-30
2063,7,4,10,12.972116013932993,0.6957725646190109,2019-06-30
2064,7,5,8,12.855109435318763,0.8389239528292094,2019-06-30
2065,7,6,12,12.894658906765388,1.0413616879991083,2019-06-30
2066,7,7,12,12.85518833232431,1.187504769848734,2019-06-30
2067,7,8,19,12.8824521188035,1.4464904773877414,2019-06-30
2068,7,9,23,12.908828384315086,2.050053274726905,2019-06-30
2069,7,10,17,12.936827233958006,3.0722914036819993,2019-06-30
2070,8,1,11,13.527542409751469,-0.023799048889641197,2019-06-30
2071,8,2,10,13.465069748498985,0.29331564616275446,2019-06-30
2072,8,3,11,13.462229371875514,0.6043813300144495,2019-06-30
2073,8,4,10,13.38501048833937,0.8473109363198581,2019-06-30
2074,8,5,11,13.348724680732483,1.0710030103744397,2019-06-30
2075,8,6,8,13.496227254223758,1.2376000616837406,2019-06-30
2076,8,7,11,13.355379570639883,1.4271707079277933,2019-06-30
2077,8,8,10,13.40994314343808,1.6344634830440234,2019-06-30
2078,8,9,15,13.400567531370156,1.8791878190008846,2019-06-30
2079,8,10,11,13.490248477820783,2.6884880225596492,2019-06-30
2080,9,1,11,14.157943266614835,-0.06972656216205647,2019-06-30
2081,9,2,11,14.135819063740144,0.42614074614501035,2019-06-30
2082,9,3,7,14.163833286622012,0.8100512894357609,2019-06-30
2083,9,4,7,14.19600488420267,0.9266110615392716,2019-06-30
2084,9,5,7,14.132755759430227,1.0559511889376334,2019-06-30
2085,9,6,8,14.147952952315656,1.1563156822594491,2019-06-30
2086,9,7,9,14.228379103705013,1.2802652317876766,2019-06-30
2087,9,8,8,14.093094580974327,1.4741753650381695,2019-06-30
2088,9,9,8,14.2287866820044,1.5858442603858505,2019-06-30
2089,9,10,14,14.19866307437076,2.345857350169659,2019-06-30
2090,10,1,8,16.04995323086198,-0.055866761431053034,2019-06-30
2091,10,2,7,15.577739144700573,0.3842357190446416,2019-06-30
2092,10,3,7,15.543590952405347,0.5213022306535431,2019-06-30
2093,10,4,7,15.511801751619172,0.6755480690115883,2019-06-30
2094,10,5,8,16.455661264774395,0.7825941790170458,2019-06-30
2095,10,6,7,16.18287548006416,0.9129547680602214,2019-06-30
2096,10,7,7,15.895041511725449,1.0804759855624184,2019-06-30
2097,10,8,7,15.53331016277616,1.3878490640941339,2019-06-30
2098,10,9,7,15.642603846616103,1.7295863427521174,2019-06-30
2099,10,10,8,15.745773967388228,2.5721994146032214,2019-06-30
2100,1,1,62,10.266665474557824,0.0970974119318274,2020-06-30
2101,1,2,51,10.423665553109632,0.6377426873076047,2020-06-30
2102,1,3,29,10.431974473943166,0.8119878887665689,2020-06-30
2103,1,4,14,10.434213533378289,0.8884669569790041,2020-06-30
2104,1,5,44,10.27513114113866,0.9979401988649137,2020-06-30
2105,1,6,40,10.393526045191532,1.1561033912093506,2020-06-30
2106,1,7,37,10.328240246386907,1.2958739052800172,2020-06-30
2107,1,8,33,10.306126716914019,1.4045168403197172,2020-06-30
2108,1,9,40,10.38796832185391,1.6085138138873087,2020-06-30
2109,1,10,48,10.248003912939554,2.1649487564506646,2020-06-30
2110,2,1,33,11.035051071437259,-0.03333692788043046,2020-06-30
2111,2,2,34,11.02024516939624,0.5265296215733642,2020-06-30
2112,2,3,18,11.073433396695064,0.7200329537895533,2020-06-30
2113,2,4,18,11.063004284085167,0.7969283463272574,2020-06-30
2114,2,5,29,11.084272371449275,0.8958963177887905,2020-06-30
2115,2,6,19,11.090760676055467,1.0435235706194181,2020-06-30
2116,2,7,41,11.030024940456721,1.2032318086882474,2020-06-30
2117,2,8,40,11.063188744887071,1.4271237082372916,2020-06-30
2118,2,9,37,11.03261576328119,1.6800168619343347,2020-06-30
2119,2,10,50,11.043674393234335,2.1676346188669626,2020-06-30
2120,3,1,25,11.36485690370844,0.1311267333014129,2020-06-30
2121,3,2,14,11.36211665796229,0.5741329670551262,2020-06-30
2122,3,3,15,11.392758914406285,0.7295513644436008,2020-06-30
2123,3,4,12,11.335125362387709,0.8306705287181483,2020-06-30
2124,3,5,19,11.378946793709002,0.9562396676910947,2020-06-30
2125,3,6,19,11.402526450685002,1.117705414658455,2020-06-30
2126,3,7,13,11.396987026023075,1.2212381179214444,2020-06-30
2127,3,8,29,11.388863917953666,1.4363472073719736,2020-06-30
2128,3,9,26,11.357335772041267,1.7131459452539688,2020-06-30
2129,3,10,26,11.382311164476999,2.4666930087445844,2020-06-30
2130,4,1,18,11.632946913585634,-0.16488710495154613,2020-06-30
2131,4,2,16,11.632762282593081,0.38411388925526163,2020-06-30
2132,4,3,19,11.628029825435508,0.566778689880675,2020-06-30
2133,4,4,17,11.603422785267488,0.7714898506214317,2020-06-30
2134,4,5,18,11.643905722756067,0.9576174852095698,2020-06-30
2135,4,6,17,11.608320906010036,1.0886002828261676,2020-06-30
2136,4,7,19,11.614470371917415,1.2478121241738613,2020-06-30
2137,4,8,14,11.619762031950474,1.3774694891589714,2020-06-30
2138,4,9,30,11.656052741375955,1.6242219987650088,2020-06-30
2139,4,10,26,11.664345461736755,2.2383554784899165,2020-06-30
2140,5,1,33,11.95550814989967,-0.2303745532976867,2020-06-30
2141,5,2,14,11.91174298077603,0.575039345775514,2020-06-30
2142,5,3,18,11.958845847327057,0.7116270061176238,2020-06-30
2143,5,4,13,11.981389456160723,0.8115702083659783,2020-06-30
2144,5,5,18,11.971677719384992,0.9319040944176046,2020-06-30
2145,5,6,18,11.959986873041467,1.0817100136855706,2020-06-30
2146,5,7,33,11.963146336323788,1.2515673705120292,2020-06-30
2147,5,8,16,11.970862262668486,1.4150191159118026,2020-06-30
2148,5,9,13,11.935931124028242,1.5446943682658276,2020-06-30
2149,5,10,41,11.94821106036756,2.072486319197803,2020-06-30
2150,6,1,17,12.343755806083538,-0.0357438294987249,2020-06-30
2151,6,2,12,12.295018193236762,0.5370003779433744,2020-06-30
2152,6,3,9,12.301768958005958,0.6837693836625731,2020-06-30
2153,6,4,12,12.333442185275546,0.8029622327576519,2020-06-30
2154,6,5,11,12.332019467033009,0.9039542342800615,2020-06-30
2155,6,6,12,12.342212030034133,1.0041541348472205,2020-06-30
2156,6,7,20,12.380592816705716,1.1840947494711587,2020-06-30
2157,6,8,14,12.303186624616307,1.4213650765037174,2020-06-30
2158,6,9,13,12.314931842138547,1.612328846470125,2020-06-30
2159,6,10,34,12.311753855986861,2.152619296006581,2020-06-30
2160,7,1,22,12.76207853110313,-0.6372103808239747,2020-06-30
2161,7,2,15,12.685558488851605,0.3489039842473734,2020-06-30
2162,7,3,11,12.747457624115606,0.5414829924199117,2020-06-30
2163,7,4,10,12.769849600913714,0.6745933794897356,2020-06-30
2164,7,5,12,12.707687741266307,0.8192625143877033,2020-06-30
2165,7,6,9,12.750719918321755,0.9823640105244582,2020-06-30
2166,7,7,12,12.732337157923054,1.1307539086886045,2020-06-30
2167,7,8,19,12.71335440828136,1.3581082920618306,2020-06-30
2168,7,9,15,12.785046169113473,1.6438192940775205,2020-06-30
2169,7,10,21,12.69600016708032,2.237493576687906,2020-06-30
2170,8,1,19,13.208151476399786,-0.13749040376795243,2020-06-30
2171,8,2,9,13.30607855914895,0.45123370606687213,2020-06-30
2172,8,3,9,13.244422531998103,0.6202156095844097,2020-06-30
2173,8,4,14,13.359363118363104,0.7614643075898212,2020-06-30
2174,8,5,10,13.40636869639253,0.8643954515637079,2020-06-30
2175,8,6,9,13.406940284485474,0.9975748677425597,2020-06-30
2176,8,7,19,13.27383564322364,1.1824084591606803,2020-06-30
2177,8,8,16,13.260968662153182,1.4273603548675937,2020-06-30
2178,8,9,16,13.265630319034809,1.6433323383226037,2020-06-30
2179,8,10,27,13.256930584538251,2.361594582158257,2020-06-30
2180,9,1,9,14.132825280156895,-0.3550170928581252,2020-06-30
2181,9,2,8,14.043013947753174,0.40505939226922344,2020-06-30
2182,9,3,10,14.123626001458495,0.6118374867014845,2020-06-30
2183,9,4,7,14.099170780441941,0.8321244341796566,2020-06-30
2184,9,5,9,13.954572682107731,0.976424359697078,2020-06-30
2185,9,6,8,14.141022556732429,1.1013663627972223,2020-06-30
2186,9,7,8,14.159425003105534,1.2170146347772524,2020-06-30
2187,9,8,7,14.155894646060831,1.32474605297366,2020-06-30
2188,9,9,11,14.064622329422043,1.465747411360028,2020-06-30
2189,9,10,18,13.962263391434611,1.991906943158033,2020-06-30
2190,10,1,10,15.358634790132134,-0.2510084079923615,2020-06-30
2191,10,2,7,15.7866435035619,0.33009758820269075,2020-06-30
2192,10,3,9,15.227349386216057,0.5457151366683904,2020-06-30
2193,10,4,8,15.506367170479193,0.7198743981434722,2020-06-30
2194,10,5,9,15.623380807965589,0.8737309454190073,2020-06-30
2195,10,6,7,16.856963861403976,1.0411028908544833,2020-06-30
2196,10,7,7,15.494623825497538,1.1414242183466625,2020-06-30
2197,10,8,7,15.693984264346216,1.2528570770486536,2020-06-30
2198,10,9,7,15.602979807023555,1.3709286487553316,2020-06-30
2199,10,10,12,15.513945892395578,2.018878957443429,2020-06-30
2200,1,1,59,10.761263850348184,-0.07419838872377012,2021-06-30
2201,1,2,29,10.936642806031973,0.3013732360294228,2021-06-30
2202,1,3,53,10.911062986902392,0.4798183727640583,2021-06-30
2203,1,4,24,10.946606730111236,0.6308725410333295,2021-06-30
2204,1,5,62,10.92787683825723,0.7687560785086915,2021-06-30
2205,1,6,26,11.053734150666449,0.9289698641633007,2021-06-30
2206,1,7,33,11.009967727190597,1.015266946987905,2021-06-30
2207,1,8,45,11.040728898549606,1.150817788794763,2021-06-30
2208,1,9,34,10.902100757989329,1.3236723910622512,2021-06-30
2209,1,10,72,10.95961570206928,1.7635936943736574,2021-06-30
2210,2,1,56,11.611385660706999,0.11249939020452789,2021-06-30
2211,2,2,22,11.655587543264742,0.5195914370972813,2021-06-30
2212,2,3,18,11.621109151349879,0.6141444841097582,2021-06-30
2213,2,4,25,11.573654649785366,0.6973193054642668,2021-06-30
2214,2,5,24,11.651630196408334,0.8141175438363543,2021-06-30
2215,2,6,34,11.60994815306475,0.9062013004919104,2021-06-30
2216,2,7,30,11.581857460320371,1.0311090563629368,2021-06-30
2217,2,8,35,11.65112660624964,1.1861471236052084,2021-06-30
2218,2,9,22,11.625101797813265,1.3241746326158677,2021-06-30
2219,2,10,59,11.620150787606628,1.7788099711582868,2021-06-30
2220,3,1,20,11.933971169933068,-0.17669462562522156,2021-06-30
2221,3,2,15,11.931867976556605,0.3719711045191974,2021-06-30
2222,3,3,25,11.932062976494933,0.5235270101718378,2021-06-30
2223,3,4,24,11.946070429847582,0.6806724747113005,2021-06-30
2224,3,5,16,11.92287029712682,0.8163550538718108,2021-06-30
2225,3,6,12,11.930256807847188,0.9246325157847957,2021-06-30
2226,3,7,20,11.950638554710661,1.0598665645433276,2021-06-30
2227,3,8,29,11.933777982268793,1.2071497327959535,2021-06-30
2228,3,9,23,11.937527101060375,1.3854945105739884,2021-06-30
2229,3,10,38,11.92075944396316,1.8344095994250729,2021-06-30
2230,4,1,22,12.251592176019567,0.10803360882824245,2021-06-30
2231,4,2,10,12.127690407486005,0.4457426156369412,2021-06-30
2232,4,3,17,12.20029157159866,0.5861627656477487,2021-06-30
2233,4,4,34,12.196191141067544,0.7652297291394283,2021-06-30
2234,4,5,18,12.187992957498118,0.9146547670923799,2021-06-30
2235,4,6,20,12.200736037775624,1.0061356994664528,2021-06-30
2236,4,7,21,12.253255733525751,1.1409262920868657,2021-06-30
2237,4,8,26,12.24588519207986,1.3393951926677277,2021-06-30
2238,4,9,28,12.202677121720361,1.5783155854745778,2021-06-30
2239,4,10,25,12.231247287582082,2.351954370104098,2021-06-30
2240,5,1,31,12.53281690707586,0.02938112208332845,2021-06-30
2241,5,2,16,12.542852487844717,0.6636557335179114,2021-06-30
2242,5,3,14,12.563831876103455,0.7993888268926556,2021-06-30
2243,5,4,19,12.514983770424706,0.9058679472513458,2021-06-30
2244,5,5,12,12.54300349397007,1.0154908697050118,2021-06-30
2245,5,6,19,12.563108203179116,1.139550550941159,2021-06-30
2246,5,7,17,12.50900671387806,1.253730032712134,2021-06-30
2247,5,8,10,12.530042380718577,1.3540142033866802,2021-06-30
2248,5,9,31,12.523125043265361,1.5934320067384262,2021-06-30
2249,5,10,18,12.52654393547571,2.429599485271085,2021-06-30
2250,6,1,19,12.813202095988606,-0.1876260596308932,2021-06-30
2251,6,2,13,12.826907259430612,0.4038844810407752,2021-06-30
2252,6,3,21,12.831249533538823,0.5918887359516037,2021-06-30
2253,6,4,15,12.828060577773005,0.7535928617699288,2021-06-30
2254,6,5,12,12.881102550458225,0.8908335048245765,2021-06-30
2255,6,6,19,12.846259149929113,0.9951171054716754,2021-06-30
2256,6,7,16,12.863342397728655,1.1975699786532361,2021-06-30
2257,6,8,10,12.851457911075617,1.3237517470582356,2021-06-30
2258,6,9,17,12.785942458488355,1.5594459993826275,2021-06-30
2259,6,10,21,12.825812258520273,2.1311583022147786,2021-06-30
2260,7,1,24,13.217501739980086,-0.10483604619302585,2021-06-30
2261,7,2,14,13.195878344451854,0.44002524371579765,2021-06-30
2262,7,3,7,13.264554145482899,0.5483039820151377,2021-06-30
2263,7,4,9,13.263783427612386,0.623274639683446,2021-06-30
2264,7,5,11,13.250852142043298,0.7093587777981571,2021-06-30
2265,7,6,11,13.243088801049073,0.8275263070250197,2021-06-30
2266,7,7,12,13.239997472284367,0.9235915378854097,2021-06-30
2267,7,8,27,13.215038874970011,1.092441489248505,2021-06-30
2268,7,9,12,13.204615009427302,1.409623253634422,2021-06-30
2269,7,10,41,13.224284094516387,1.9716796681454913,2021-06-30
2270,8,1,17,13.776585742115067,0.14796349679611948,2021-06-30
2271,8,2,7,13.860797027557297,0.6245154823725257,2021-06-30
2272,8,3,8,13.739647622365013,0.7340509020925513,2021-06-30
2273,8,4,12,13.889854107413823,0.8618039375177468,2021-06-30
2274,8,5,14,13.849701191640936,0.9547124072266591,2021-06-30
2275,8,6,12,13.817819133970888,1.0511978681724343,2021-06-30
2276,8,7,13,13.889153737680873,1.1716202156970095,2021-06-30
2277,8,8,13,13.69891468203571,1.306765596408376,2021-06-30
2278,8,9,12,13.733238011390307,1.4946017591620044,2021-06-30
2279,8,10,21,13.749539698969024,2.0660622081390274,2021-06-30
2280,9,1,8,14.429767620689242,-0.15805860609309758,2021-06-30
2281,9,2,8,14.512196708890556,0.4022569177251063,2021-06-30
2282,9,3,9,14.645537242132743,0.6016085385849204,2021-06-30
2283,9,4,10,14.763707715483495,0.7554585917074922,2021-06-30
2284,9,5,9,14.559875469002797,0.9422692109216536,2021-06-30
2285,9,6,11,14.65635439804713,1.1248596933977362,2021-06-30
2286,9,7,9,14.76113580014161,1.300788313885948,2021-06-30
2287,9,8,13,14.53029841319946,1.4629794305885448,2021-06-30
2288,9,9,11,14.555349843088754,1.7363868888928111,2021-06-30
2289,9,10,11,14.729775616123868,2.270278744807047,2021-06-30
2290,10,1,8,15.643471698104218,-0.12681457888966002,2021-06-30
2291,10,2,7,16.12788247753694,0.5040403051714266,2021-06-30
2292,10,3,8,15.939171002600407,0.691055021729467,2021-06-30
2293,10,4,9,16.20017517987264,0.8455393625816685,2021-06-30
2294,10,5,7,15.562037065211072,0.973717360280439,2021-06-30
2295,10,6,7,17.157068100343256,1.0587440366282077,2021-06-30
2296,10,7,7,16.381945654125154,1.1936915939200665,2021-06-30
2297,10,8,7,16.22078174890198,1.3072060334377336,2021-06-30
2298,10,9,8,16.067981553381124,1.472877761349926,2021-06-30
2299,10,10,7,16.70722621261572,1.7206173792123602,2021-06-30
2300,1,1,81,10.581488571719637,0.14781083132899292,2022-06-30
2301,1,2,40,10.797892726605372,0.5728890643977262,2022-06-30
2302,1,3,56,10.714095307048709,0.7502802440131175,2022-06-30
2303,1,4,21,10.799624943151912,0.8453753544330036,2022-06-30
2304,1,5,25,10.583507212600967,0.9050252457174031,2022-06-30
2305,1,6,52,10.811934696107945,1.0132394729002006,2022-06-30
2306,1,7,36,10.810018788316839,1.1302755181433737,2022-06-30
2307,1,8,58,10.754452390111556,1.2627167679699285,2022-06-30
2308,1,9,58,10.789960232826157,1.4787601271685757,2022-06-30
2309,1,10,73,10.77466654626365,2.0199211924177294,2022-06-30
2310,2,1,30,11.32066404734497,-0.017688387774825405,2022-06-30
2311,2,2,38,11.315890260251487,0.6144785977192566,2022-06-30
2312,2,3,25,11.30616629553241,0.813344172351723,2022-06-30
2313,2,4,18,11.304639655808705,0.9390193017098212,2022-06-30
2314,2,5,27,11.306898295284213,1.0336863907432852,2022-06-30
2315,2,6,32,11.31509439150542,1.196949031766764,2022-06-30
2316,2,7,14,11.322221435651585,1.3266672333876754,2022-06-30
2317,2,8,17,11.318297302059257,1.4317346302139295,2022-06-30
2318,2,9,32,11.308472877707247,1.6329566373359847,2022-06-30
2319,2,10,19,11.31254606015488,2.2647392260317822,2022-06-30
2320,3,1,30,11.568787846128323,0.09332160483067709,2022-06-30
2321,3,2,10,11.595812918170479,0.43163712996377557,2022-06-30
2322,3,3,21,11.587648136627717,0.5913689501909614,2022-06-30
2323,3,4,19,11.578850799088837,0.6919645643116124,2022-06-30
2324,3,5,18,11.581583822241695,0.7761746694087761,2022-06-30
2325,3,6,21,11.587506704089966,0.9188385796570143,2022-06-30
2326,3,7,27,11.567897741999046,1.0728438496654793,2022-06-30
2327,3,8,25,11.5882416915722,1.2355279148950766,2022-06-30
2328,3,9,25,11.580910861073828,1.43010834944688,2022-06-30
2329,3,10,39,11.567481753590096,1.8484324967645942,2022-06-30
2330,4,1,41,11.91762090792039,0.09834123493824393,2022-06-30
2331,4,2,23,11.886500366672282,0.5500718859496782,2022-06-30
2332,4,3,34,11.899611418464914,0.7462491484019198,2022-06-30
2333,4,4,25,11.896733450593779,0.8938128856331555,2022-06-30
2334,4,5,25,11.970955370014181,1.0082388855080773,2022-06-30
2335,4,6,48,11.930981235988497,1.152326947168323,2022-06-30
2336,4,7,25,11.888663315460265,1.3434189835769217,2022-06-30
2337,4,8,22,11.86090043876468,1.5013486483193481,2022-06-30
2338,4,9,29,11.948209046026193,1.743725880659143,2022-06-30
2339,4,10,25,11.985454638863892,2.533615822381821,2022-06-30
2340,5,1,23,12.300570474016588,0.02139428247335728,2022-06-30
2341,5,2,10,12.334524016150123,0.48252325039137034,2022-06-30
2342,5,3,14,12.321671349886604,0.6018312668057565,2022-06-30
2343,5,4,14,12.309561535025257,0.7556217279235345,2022-06-30
2344,5,5,15,12.257166610581093,0.8912912510991124,2022-06-30
2345,5,6,13,12.308197873626792,0.9856916690153608,2022-06-30
2346,5,7,20,12.256663663555345,1.0711940168547343,2022-06-30
2347,5,8,17,12.314386172989428,1.318396403506144,2022-06-30
2348,5,9,17,12.29421688967163,1.4908940202811476,2022-06-30
2349,5,10,30,12.30958661734457,1.9452184702276225,2022-06-30
2350,6,1,21,12.635721665861725,0.14883551461004818,2022-06-30
2351,6,2,14,12.619381403365116,0.4650638686727143,2022-06-30
2352,6,3,12,12.597075387913144,0.5721298388345469,2022-06-30
2353,6,4,14,12.614516752620547,0.6964677574152273,2022-06-30
2354,6,5,15,12.55106979255961,0.8260005663034715,2022-06-30
2355,6,6,18,12.59135482081071,0.9391078925678339,2022-06-30
2356,6,7,13,12.622455095119355,1.038895011867937,2022-06-30
2357,6,8,18,12.583169166508391,1.174928414286188,2022-06-30
2358,6,9,22,12.60115464415174,1.3824529952950657,2022-06-30
2359,6,10,32,12.643937250435235,1.869618570429162,2022-06-30
2360,7,1,22,13.049025196872812,0.24616597042551847,2022-06-30
2361,7,2,9,13.039547544069782,0.5458261976888578,2022-06-30
2362,7,3,13,13.107696998167903,0.6506204163538432,2022-06-30
2363,7,4,10,13.045115901346929,0.7775898782346563,2022-06-30
2364,7,5,8,13.000744208597284,0.8928072628194774,2022-06-30
2365,7,6,19,12.999648817702871,1.0097244183553713,2022-06-30
2366,7,7,17,12.995811912743836,1.131590134194469,2022-06-30
2367,7,8,17,12.965786767264078,1.3120945454253086,2022-06-30
2368,7,9,10,13.04070710973411,1.463492240120019,2022-06-30
2369,7,10,26,13.044635451186581,2.0011494901058637,2022-06-30
2370,8,1,12,13.607038435346622,0.00650930539203515,2022-06-30
2371,8,2,7,13.629604591753308,0.48073246517087226,2022-06-30
2372,8,3,9,13.703837319383318,0.6230212364400485,2022-06-30
2373,8,4,8,13.628978395941651,0.744675378569735,2022-06-30
2374,8,5,7,13.583809034678387,0.825819696875157,2022-06-30
2375,8,6,14,13.59156325592526,0.9333251554211489,2022-06-30
2376,8,7,13,13.568853558257068,1.081728190782821,2022-06-30
2377,8,8,14,13.642148800891993,1.2002702526871125,2022-06-30
2378,8,9,14,13.585920961088288,1.3567021841387235,2022-06-30
2379,8,10,25,13.62028995158109,1.8036885349567942,2022-06-30
2380,9,1,10,14.393512154410482,0.17964124863212666,2022-06-30
2381,9,2,7,14.471925099809198,0.49952058817954736,2022-06-30
2382,9,3,9,14.536490901864434,0.6498120363614929,2022-06-30
2383,9,4,13,14.358634683166061,0.8266264907215567,2022-06-30
2384,9,5,10,14.56284411654669,1.03065929741201,2022-06-30
2385,9,6,8,14.360029156143053,1.145935890212843,2022-06-30
2386,9,7,10,14.48710802366737,1.338239929277777,2022-06-30
2387,9,8,11,14.356407217623314,1.5077496623640763,2022-06-30
2388,9,9,9,14.390023254809238,1.7238670410748727,2022-06-30
2389,9,10,10,14.385778436318564,2.243116136214918,2022-06-30
2390,10,1,7,15.50809774963432,0.09038881979566327,2022-06-30
2391,10,2,6,16.253178854218984,0.5428520178206596,2022-06-30
2392,10,3,6,16.012462195529785,0.6757001761436429,2022-06-30
2393,10,4,8,15.251199401479864,0.7902061915562122,2022-06-30
2394,10,5,7,16.054087519525815,0.889150129359156,2022-06-30
2395,10,6,6,16.072147277208476,0.9914352299989767,2022-06-30
2396,10,7,7,16.719224429139874,1.115363202294463,2022-06-30
2397,10,8,6,16.14197762713238,1.2433470166532645,2022-06-30
2398,10,9,7,15.913162401131357,1.4468622696778841,2022-06-30
2399,10,10,8,16.408313834935505,1.6809180632542982,2022-06-30
2400,1,1,91,10.68609105874208,0.14026922806386488,2023-06-30
2401,1,2,35,10.717406578460903,0.598073226275605,2023-06-30
2402,1,3,43,10.700544488994533,0.7333113806052094,2023-06-30
2403,1,4,43,10.712037991008895,0.8523516312267725,2023-06-30
2404,1,5,25,10.769678436025497,0.9494143011003883,2023-06-30
2405,1,6,56,10.762060995066934,1.0289661835181632,2023-06-30
2406,1,7,53,10.818211833604138,1.1707771625685253,2023-06-30
2407,1,8,54,10.817992741019461,1.3418779908325764,2023-06-30
2408,1,9,44,10.809756110674018,1.5304653153527517,2023-06-30
2409,1,10,45,10.74338136115726,2.103901469282399,2023-06-30
2410,2,1,26,11.266292673142448,0.09655147373964662,2023-06-30
2411,2,2,40,11.272559265046493,0.5685191195273495,2023-06-30
2412,2,3,20,11.284288573485092,0.8023696216318503,2023-06-30
2413,2,4,26,11.278813890108786,0.9052520330033758,2023-06-30
2414,2,5,12,11.2659905998604,1.0090527654905581,2023-06-30
2415,2,6,21,11.285896221390715,1.0950954710952017,2023-06-30
2416,2,7,22,11.30305762036555,1.1991079539479814,2023-06-30
2417,2,8,16,11.308028876677664,1.33750487262324,2023-06-30
2418,2,9,19,11.287825268798692,1.5120059228968652,2023-06-30
2419,2,10,31,11.300933485591967,1.895926465665585,2023-06-30
2420,3,1,35,11.614530350419138,-0.052222527441856084,2023-06-30
2421,3,2,32,11.611491273220855,0.5041608757491093,2023-06-30
2422,3,3,21,11.602895176063845,0.6599624616945213,2023-06-30
2423,3,4,25,11.602427822669986,0.7581986014933803,2023-06-30
2424,3,5,34,11.620929237236323,0.8939828682779388,2023-06-30
2425,3,6,23,11.595420188868841,0.9973968315547515,2023-06-30
2426,3,7,33,11.598961463226972,1.1065904591948763,2023-06-30
2427,3,8,32,11.591032513669198,1.2483453241170852,2023-06-30
2428,3,9,44,11.596900700217624,1.411374544891128,2023-06-30
2429,3,10,52,11.630584701321416,1.9401785391342858,2023-06-30
2430,4,1,27,11.985773770384233,0.179295586432889,2023-06-30
2431,4,2,20,11.958408809464533,0.584353970997028,2023-06-30
2432,4,3,25,11.98426232115389,0.7428052980918166,2023-06-30
2433,4,4,21,12.015617334900018,0.9074819807159745,2023-06-30
2434,4,5,19,11.986202636872001,0.9883094210664358,2023-06-30
2435,4,6,26,12.01048086491983,1.0803086645505136,2023-06-30
2436,4,7,22,11.945155654994057,1.2256767871543395,2023-06-30
2437,4,8,22,11.953725553041638,1.4142218951029875,2023-06-30
2438,4,9,23,11.98630866431169,1.5815446793147552,2023-06-30
2439,4,10,39,12.006143352521663,2.1324706682407193,2023-06-30
2440,5,1,22,12.31448765960838,0.2727348790553658,2023-06-30
2441,5,2,10,12.31959282300146,0.5506821049394881,2023-06-30
2442,5,3,15,12.347229585869222,0.6477426149261106,2023-06-30
2443,5,4,23,12.314536603160246,0.7745427373636709,2023-06-30
2444,5,5,15,12.310488244366983,0.8960934187544675,2023-06-30
2445,5,6,12,12.331956572891746,1.0253814939689285,2023-06-30
2446,5,7,30,12.324258019704644,1.1475650355909806,2023-06-30
2447,5,8,32,12.33279068046371,1.3857328376026452,2023-06-30
2448,5,9,18,12.321735387387129,1.6631713923883908,2023-06-30
2449,5,10,18,12.332720328391671,2.1827640705254936,2023-06-30
2450,6,1,20,12.641792218901148,-0.1433742578501172,2023-06-30
2451,6,2,15,12.68608628713829,0.40836584888666233,2023-06-30
2452,6,3,15,12.606362950721019,0.5472199309625271,2023-06-30
2453,6,4,10,12.676882518253368,0.7021599004028117,2023-06-30
2454,6,5,14,12.640856716706384,0.8367600814604057,2023-06-30
2455,6,6,20,12.618458117236454,0.9627326485303955,2023-06-30
2456,6,7,13,12.623290773240326,1.055596450953731,2023-06-30
2457,6,8,19,12.5858153012796,1.1837476034272187,2023-06-30
2458,6,9,34,12.621301822423082,1.458212522984242,2023-06-30
2459,6,10,29,12.608350912301148,2.0501704628503763,2023-06-30
2460,7,1,19,12.985783184651387,0.17942275304813302,2023-06-30
2461,7,2,10,12.97537498304624,0.5278867618178857,2023-06-30
2462,7,3,9,13.098165439503983,0.6626611834246605,2023-06-30
2463,7,4,10,13.045470630303555,0.793103324509017,2023-06-30
2464,7,5,16,13.076065410833987,0.8984311718032519,2023-06-30
2465,7,6,14,12.96751328729256,0.9846785762533009,2023-06-30
2466,7,7,19,13.042300905489677,1.136844168095491,2023-06-30
2467,7,8,26,13.003467018149841,1.3209312488463414,2023-06-30
2468,7,9,11,13.009320258402484,1.5292528880558203,2023-06-30
2469,7,10,26,13.022368150643452,2.19216922914823,2023-06-30
2470,8,1,16,13.5219332731465,0.09664302876062392,2023-06-30
2471,8,2,8,13.681051540411865,0.5502596145403705,2023-06-30
2472,8,3,14,13.68083862128228,0.7548539313152727,2023-06-30
2473,8,4,9,13.669909916521338,0.8893984597125518,2023-06-30
2474,8,5,10,13.709360361256651,0.9866537988495514,2023-06-30
2475,8,6,16,13.619658060179205,1.1147150757331195,2023-06-30
2476,8,7,11,13.618291758921083,1.306857772093502,2023-06-30
2477,8,8,14,13.562287866673671,1.4604440109555867,2023-06-30
2478,8,9,16,13.653860869037906,1.7532091844379747,2023-06-30
2479,8,10,18,13.65284442914692,2.22945931503933,2023-06-30
2480,9,1,10,14.419778406755643,0.2666441623020787,2023-06-30
2481,9,2,9,14.51706129758527,0.5606162534746313,2023-06-30
2482,9,3,9,14.59558652152123,0.6724422847022936,2023-06-30
2483,9,4,13,14.42488493010692,0.845304472561639,2023-06-30
2484,9,5,10,14.346060203522594,1.0225516761472018,2023-06-30
2485,9,6,13,14.339396494982084,1.1981018272986306,2023-06-30
2486,9,7,10,14.42554976732514,1.3287677511064797,2023-06-30
2487,9,8,13,14.322571795055564,1.4981216401055093,2023-06-30
2488,9,9,10,14.375372411683355,1.6541188105461395,2023-06-30
2489,9,10,11,14.505439814466087,2.077190673118422,2023-06-30
2490,10,1,8,15.742563669229066,0.2564423777096833,2023-06-30
2491,10,2,8,15.61018853988762,0.6014317545734919,2023-06-30
2492,10,3,8,15.500524093907293,0.7537018506691279,2023-06-30
2493,10,4,7,16.550597231818383,0.8177342539765597,2023-06-30
2494,10,5,7,16.41137274061268,0.9723535784242919,2023-06-30
2495,10,6,8,16.139906556841993,1.0950377578789712,2023-06-30
2496,10,7,8,15.926459503160052,1.213820467648466,2023-06-30
2497,10,8,8,16.419343829308957,1.368989439637239,2023-06-30
2498,10,9,7,16.042772463767562,1.5453029269532572,2023-06-30
2499,10,10,9,15.99972923536878,2.1231562018086727,2023-06-30
2500,1,1,62,10.418139518408626,-0.058936090735407655,2024-06-30
2501,1,2,50,10.451416395340718,0.42686431622244114,2024-06-30
2502,1,3,32,10.5487172379801,0.597247613333459,2024-06-30
2503,1,4,41,10.498824629203485,0.6932638404250676,2024-06-30
2504,1,5,35,10.549438819215258,0.7978734000699683,2024-06-30
2505,1,6,71,10.497199124159692,0.9092546199131287,2024-06-30
2506,1,7,52,10.518908060238594,1.0710640569441685,2024-06-30
2507,1,8,25,10.53535175196322,1.1756438755849095,2024-06-30
2508,1,9,32,10.630417986357788,1.2630948541711575,2024-06-30
2509,1,10,87,10.501610541755367,1.6815590368742162,2024-06-30
2510,2,1,57,11.182090829304032,0.1299237884583888,2024-06-30
2511,2,2,26,11.183127330086986,0.6035487564373359,2024-06-30
2512,2,3,20,11.192714541758013,0.705549364816201,2024-06-30
2513,2,4,24,11.135133992033838,0.7902682317819226,2024-06-30
2514,2,5,41,11.119741545599355,0.8975993726707688,2024-06-30
2515,2,6,26,11.122865754822993,0.9871520213031946,2024-06-30
2516,2,7,30,11.190577429182976,1.083206079802611,2024-06-30
2517,2,8,23,11.201616089903931,1.2037732006557864,2024-06-30
2518,2,9,44,11.170074486882614,1.4228717011259933,2024-06-30
2519,2,10,41,11.201846473270933,2.0088987309828585,2024-06-30
2520,3,1,29,11.570141454490438,0.009504431099939698,2024-06-30
2521,3,2,19,11.555891074235598,0.4157698464561294,2024-06-30
2522,3,3,26,11.53900921341246,0.5864910752223939,2024-06-30
2523,3,4,14,11.575195681196316,0.6941518906767851,2024-06-30
2524,3,5,34,11.562042477601592,0.8127623555037202,2024-06-30
2525,3,6,24,11.539904229454805,0.9526531386677624,2024-06-30
2526,3,7,24,11.538228627212684,1.0520542006523803,2024-06-30
2527,3,8,32,11.533224301344621,1.1869754906960035,2024-06-30
2528,3,9,43,11.553755719801902,1.4059625226373875,2024-06-30
2529,3,10,33,11.556630377123591,1.8430808984514293,2024-06-30
2530,4,1,23,11.884225432923252,-0.39537824503997393,2024-06-30
2531,4,2,21,11.92081274767805,0.41806675070539195,2024-06-30
2532,4,3,26,11.941711927478845,0.562851941664959,2024-06-30
2533,4,4,21,11.845865830387206,0.7234455024736752,2024-06-30
2534,4,5,22,11.91293291892614,0.8746825966473998,2024-06-30
2535,4,6,27,11.938417879162868,0.9906380747502763,2024-06-30
2536,4,7,25,11.928268166154025,1.1212763399033747,2024-06-30
2537,4,8,17,11.887673561344188,1.2374908027747098,2024-06-30
2538,4,9,31,11.910449468369958,1.4038721409139987,2024-06-30
2539,4,10,37,11.902312001017584,2.1244411903305873,2024-06-30
2540,5,1,31,12.252475043421937,-0.006421084119106111,2024-06-30
2541,5,2,13,12.26881912107094,0.4844265609065881,2024-06-30
2542,5,3,15,12.278356586987911,0.6182391468574102,2024-06-30
2543,5,4,15,12.263980884247628,0.7279262109970451,2024-06-30
2544,5,5,13,12.249595620812924,0.7879551372395923,2024-06-30
2545,5,6,12,12.269479323724878,0.8482955428758916,2024-06-30
2546,5,7,17,12.253039088929059,0.9188828101472747,2024-06-30
2547,5,8,22,12.234467375292603,1.0752715528845789,2024-06-30
2548,5,9,30,12.261316468926916,1.3796091529221113,2024-06-30
2549,5,10,38,12.236519381176175,2.079574182089761,2024-06-30
2550,6,1,15,12.563493623212286,-0.03590023862694824,2024-06-30
2551,6,2,12,12.592141144274384,0.35040239436524945,2024-06-30
2552,6,3,11,12.571718106994654,0.5299744818148103,2024-06-30
2553,6,4,11,12.65489529507867,0.6191311176796969,2024-06-30
2554,6,5,12,12.601736805118383,0.7576145918388691,2024-06-30
2555,6,6,13,12.618908962601209,0.9156918927112755,2024-06-30
2556,6,7,18,12.618024458689538,1.0369377327506801,2024-06-30
2557,6,8,24,12.614554098995539,1.1732857959523455,2024-06-30
2558,6,9,25,12.609484418142765,1.3587527848881502,2024-06-30
2559,6,10,32,12.622027791673467,1.9843632581931385,2024-06-30
2560,7,1,16,13.04016559205379,0.19517486004351695,2024-06-30
2561,7,2,13,13.034055800921603,0.5005083076009201,2024-06-30
2562,7,3,17,13.063796932967819,0.6531003236589992,2024-06-30
2563,7,4,13,13.106234590673392,0.777099232999489,2024-06-30
2564,7,5,21,13.081579338757711,0.9215296930151191,2024-06-30
2565,7,6,11,13.082547244363068,1.0261718235474395,2024-06-30
2566,7,7,12,13.144116911414622,1.1167508230326362,2024-06-30
2567,7,8,8,13.15351372735271,1.232209605269529,2024-06-30
2568,7,9,22,13.031489466513953,1.3625571608210398,2024-06-30
2569,7,10,33,13.145837709121931,1.9079215649652193,2024-06-30
2570,8,1,14,13.801070555615045,0.1798486408819387,2024-06-30
2571,8,2,10,13.785125932703343,0.4864101894712592,2024-06-30
2572,8,3,9,13.783051179447371,0.6044796953252719,2024-06-30
2573,8,4,9,13.67905200461592,0.701426680276881,2024-06-30
2574,8,5,11,13.685386560502423,0.835768390095171,2024-06-30
2575,8,6,12,13.737848003916326,0.9558372301109898,2024-06-30
2576,8,7,9,13.772989382049353,1.0972460525561987,2024-06-30
2577,8,8,13,13.691755893452676,1.2218135495168279,2024-06-30
2578,8,9,19,13.665401610285656,1.457334705626615,2024-06-30
2579,8,10,20,13.680542106007636,2.0550555777448003,2024-06-30
2580,9,1,10,14.675048322162562,0.20375092203439701,2024-06-30
2581,9,2,8,14.34406119963975,0.4006716258193005,2024-06-30
2582,9,3,13,14.597169037876236,0.6108972531096598,2024-06-30
2583,9,4,10,14.500865704891144,0.7848005330221648,2024-06-30
2584,9,5,14,14.537006180234588,0.9210191829865478,2024-06-30
2585,9,6,8,14.621472415370938,1.042196234610763,2024-06-30
2586,9,7,15,14.551693456617869,1.2283347301896343,2024-06-30
2587,9,8,15,14.548598524113673,1.5055999523918315,2024-06-30
2588,9,9,11,14.400065826874316,1.7023468320161215,2024-06-30
2589,9,10,11,14.465374748798611,2.259867904005614,2024-06-30
2590,10,1,8,15.804922296036164,0.25188522370213695,2024-06-30
2591,10,2,7,16.291799013832875,0.6201564362611693,2024-06-30
2592,10,3,7,16.21370495550757,0.7441057017671888,2024-06-30
2593,10,4,8,15.951772842360622,0.9286057885351767,2024-06-30
2594,10,5,7,16.672342007250624,1.0143184906125196,2024-06-30
2595,10,6,9,16.045015649518618,1.0868025329437818,2024-06-30
2596,10,7,8,15.963842551993352,1.261749617275132,2024-06-30
2597,10,8,7,16.60224364422603,1.3484441204039863,2024-06-30
2598,10,9,8,16.130486271283697,1.5362081507776257,2024-06-30
2599,10,10,10,16.255701432796624,1.8917120083921108,2024-06-30
2600,1,1,26,10.364635833294443,-0.39167072835336053,2025-06-30
2601,1,2,55,10.235356116283834,0.14562406382170753,2025-06-30
2602,1,3,51,10.506838257167875,0.3866484859458752,2025-06-30
2603,1,4,58,10.348157355079023,0.5202490023326442,2025-06-30
2604,1,5,32,10.50017523132758,0.6300443850323622,2025-06-30
2605,1,6,32,10.347564373365843,0.7042497165262225,2025-06-30
2606,1,7,60,10.40580814425889,0.7771328647815453,2025-06-30
2607,1,8,49,10.420226911227513,0.8881538888659695,2025-06-30
2608,1,9,41,10.463856229136603,1.0166062724104283,2025-06-30
2609,1,10,98,10.398522380374782,1.4153031262667561,2025-06-30
2610,2,1,58,11.125272435568103,0.007380113482331219,2025-06-30
2611,2,2,29,11.110534205645978,0.4253124664218619,2025-06-30
2612,2,3,18,11.186138144910645,0.5193262433508341,2025-06-30
2613,2,4,41,11.07179717753679,0.6114020605100795,2025-06-30
2614,2,5,21,11.139732495119938,0.7120778587462856,2025-06-30
2615,2,6,34,11.147635724135249,0.7872893272893254,2025-06-30
2616,2,7,34,11.109079021136107,0.9090982297340157,2025-06-30
2617,2,8,36,11.090239901779352,1.043455639244439,2025-06-30
2618,2,9,34,11.138536195178286,1.179745145412534,2025-06-30
2619,2,10,74,11.122356523264681,1.6903611279664845,2025-06-30
2620,3,1,31,11.542532623254921,-0.24175089828971064,2025-06-30
2621,3,2,17,11.547350417278563,0.348770959515152,2025-06-30
2622,3,3,32,11.547624532799038,0.4800587383099188,2025-06-30
2623,3,4,33,11.558192731803429,0.6141315994926769,2025-06-30
2624,3,5,21,11.543213772485094,0.7364613489363081,2025-06-30
2625,3,6,34,11.53275235904081,0.8799422627276138,2025-06-30
2626,3,7,27,11.544616841780746,1.0081533436845942,2025-06-30
2627,3,8,22,11.532903472124163,1.1122599471907195,2025-06-30
2628,3,9,34,11.531179791368066,1.2764440940583985,2025-06-30
2629,3,10,41,11.573580862558828,1.8731116343991652,2025-06-30
2630,4,1,27,11.86575661266054,0.0386105073352249,2025-06-30
2631,4,2,15,11.924444248404336,0.42880373943997613,2025-06-30
2632,4,3,28,11.904407606293379,0.5687554440523743,2025-06-30
2633,4,4,25,11.902506808230703,0.6940337765943295,2025-06-30
2634,4,5,17,11.912796323409271,0.7962310082512424,2025-06-30
2635,4,6,16,11.850077449118668,0.8954659082624471,2025-06-30
2636,4,7,23,11.914421671450873,0.9919134540619211,2025-06-30
2637,4,8,20,11.894446115139056,1.1210131723391332,2025-06-30
2638,4,9,26,11.871790141783537,1.299010492130687,2025-06-30
2639,4,10,28,11.900943028544122,2.0630381454963627,2025-06-30
2640,5,1,21,12.215173384538279,-0.0585984176976473,2025-06-30
2641,5,2,21,12.243660520706223,0.36880501529088494,2025-06-30
2642,5,3,12,12.22768912713533,0.4876058638097111,2025-06-30
2643,5,4,23,12.255268633721471,0.5791955660587901,2025-06-30
2644,5,5,16,12.256789588941409,0.6651587383627745,2025-06-30
2645,5,6,17,12.246076484888333,0.7738014197549336,2025-06-30
2646,5,7,22,12.244203926577574,0.9220779335758972,2025-06-30
2647,5,8,23,12.254406678491991,1.1086598130219516,2025-06-30
2648,5,9,26,12.244832896956561,1.3683810584961473,2025-06-30
2649,5,10,33,12.232546664151055,2.1508230185046813,2025-06-30
2650,6,1,18,12.61361177448716,0.10741117358547396,2025-06-30
2651,6,2,13,12.62762817901557,0.4113143053762351,2025-06-30
2652,6,3,10,12.634730129689174,0.5162769165053227,2025-06-30
2653,6,4,12,12.617891623219265,0.5947715796458017,2025-06-30
2654,6,5,17,12.56916072131933,0.7194316652720235,2025-06-30
2655,6,6,18,12.665872613967643,0.829510247685185,2025-06-30
2656,6,7,26,12.633868335894705,0.9629441764630808,2025-06-30
2657,6,8,18,12.624211570234854,1.079695724642993,2025-06-30
2658,6,9,12,12.631419800968294,1.2134337105099031,2025-06-30
2659,6,10,39,12.624209788321107,1.802232164358384,2025-06-30
2660,7,1,18,13.094275234463108,0.08845650341682369,2025-06-30
2661,7,2,12,13.163757253376616,0.4440356576848113,2025-06-30
2662,7,3,11,13.213779447207571,0.548276695646769,2025-06-30
2663,7,4,13,13.16952640768299,0.6569559979876456,2025-06-30
2664,7,5,7,13.068079845270573,0.7772233728316571,2025-06-30
2665,7,6,13,13.105473180225006,0.8616907318144975,2025-06-30
2666,7,7,20,13.1465471320598,1.0294215649385325,2025-06-30
2667,7,8,20,13.087442385827714,1.1916466689607563,2025-06-30
2668,7,9,15,13.195134430107567,1.3683605841333883,2025-06-30
2669,7,10,33,13.151403699992338,1.764123706199858,2025-06-30
2670,8,1,14,13.839075854189689,0.16192945665816585,2025-06-30
2671,8,2,9,13.653919623592214,0.47205505979591067,2025-06-30
2672,8,3,10,13.741221970247418,0.601384612398721,2025-06-30
2673,8,4,11,13.771790261499046,0.7288554611474999,2025-06-30
2674,8,5,9,13.799320657984277,0.8082675900084505,2025-06-30
2675,8,6,15,13.752280842135217,0.9256616269801431,2025-06-30
2676,8,7,13,13.766941002276479,1.1383751302506542,2025-06-30
2677,8,8,20,13.826291208445507,1.314133401441426,2025-06-30
2678,8,9,17,13.795310739363842,1.6067505407592586,2025-06-30
2679,8,10,10,13.835702750068226,2.0652938692630687,2025-06-30
2680,9,1,9,14.664696790238354,0.210367110473719,2025-06-30
2681,9,2,10,14.696065514006412,0.3879019967256179,2025-06-30
2682,9,3,8,14.529122552448555,0.47938991714226237,2025-06-30
2683,9,4,10,14.668301853902609,0.6575494932911591,2025-06-30
2684,9,5,9,14.614889256517536,0.7818434087775588,2025-06-30
2685,9,6,12,14.524682876284091,0.9263030070435097,2025-06-30
2686,9,7,13,14.431421592444178,1.0470800358461498,2025-06-30
2687,9,8,11,14.760084641422822,1.2094708298820194,2025-06-30
2688,9,9,10,14.662930704482662,1.3785695831033424,2025-06-30
2689,9,10,10,14.738878894936837,2.072204238743628,2025-06-30
2690,10,1,9,16.21808355133821,0.2183681494880334,2025-06-30
2691,10,2,8,16.443653932786415,0.5105120595507553,2025-06-30
2692,10,3,8,16.32413803411017,0.6788039116875467,2025-06-30
2693,10,4,9,16.18092713445305,0.8109103101924381,2025-06-30
2694,10,5,8,16.057123003923266,0.9756684070969701,2025-06-30
2695,10,6,8,16.516847859231344,1.074325098873693,2025-06-30
2696,10,7,8,17.148681730130633,1.1983037900522577,2025-06-30
2697,10,8,8,16.1999224802722,1.3625501616604108,2025-06-30
2698,10,9,8,15.935582137464747,1.600223418550164,2025-06-30
2699,10,10,8,16.541367493882678,2.1321076915975343,2025-06-30
